LotArea,OverallQual,OverallCond,YearBuilt,TotalBsmtSF,1stFlrSF,2ndFlrSF,GrLivArea,BedroomAbvGr,KitchenAbvGr,TotRmsAbvGrd,Fireplaces,GarageCars,GarageArea
8450,7,5,2003,856,856,854,1710,3,1,8,0,2,548
9600,6,8,1976,1262,1262,0,1262,3,1,6,1,2,460
11250,7,5,2001,920,920,866,1786,3,1,6,1,2,608
9550,7,5,1915,756,961,756,1717,3,1,7,1,3,642
14260,8,5,2000,1145,1145,1053,2198,4,1,9,1,3,836
14115,5,5,1993,796,796,566,1362,1,1,5,0,2,480
10084,8,5,2004,1686,1694,0,1694,3,1,7,1,2,636
10382,7,6,1973,1107,1107,983,2090,3,1,7,2,2,484
6120,7,5,1931,952,1022,752,1774,2,2,8,2,2,468
7420,5,6,1939,991,1077,0,1077,2,2,5,2,1,205
11200,5,5,1965,1040,1040,0,1040,3,1,5,0,1,384
11924,9,5,2005,1175,1182,1142,2324,4,1,11,2,3,736
12968,5,6,1962,912,912,0,912,2,1,4,0,1,352
10652,7,5,2006,1494,1494,0,1494,3,1,7,1,3,840
10920,6,5,1960,1253,1253,0,1253,2,1,5,1,1,352
6120,7,8,1929,832,854,0,854,2,1,5,0,2,576
11241,6,7,1970,1004,1004,0,1004,2,1,5,1,2,480
10791,4,5,1967,0,1296,0,1296,2,2,6,0,2,516
13695,5,5,2004,1114,1114,0,1114,3,1,6,0,2,576
7560,5,6,1958,1029,1339,0,1339,3,1,6,0,1,294
14215,8,5,2005,1158,1158,1218,2376,4,1,9,1,3,853
7449,7,7,1930,637,1108,0,1108,3,1,6,1,1,280
9742,8,5,2002,1777,1795,0,1795,3,1,7,1,2,534
4224,5,7,1976,1040,1060,0,1060,3,1,6,1,2,572
8246,5,8,1968,1060,1060,0,1060,3,1,6,1,1,270
14230,8,5,2007,1566,1600,0,1600,3,1,7,1,3,890
7200,5,7,1951,900,900,0,900,3,1,5,0,2,576
11478,8,5,2007,1704,1704,0,1704,3,1,7,1,3,772
16321,5,6,1957,1484,1600,0,1600,2,1,6,2,1,319
6324,4,6,1927,520,520,0,520,1,1,4,0,1,240
8500,4,4,1920,649,649,668,1317,3,1,6,0,1,250
8544,5,6,1966,1228,1228,0,1228,3,1,6,0,1,271
11049,8,5,2007,1234,1234,0,1234,3,1,7,0,2,484
10552,5,5,1959,1398,1700,0,1700,4,1,6,1,2,447
7313,9,5,2005,1561,1561,0,1561,2,1,6,1,2,556
13418,8,5,2004,1117,1132,1320,2452,4,1,9,1,3,691
10859,5,5,1994,1097,1097,0,1097,3,1,6,0,2,672
8532,5,6,1954,1297,1297,0,1297,3,1,5,1,2,498
7922,5,7,1953,1057,1057,0,1057,3,1,5,0,1,246
6040,4,5,1955,0,1152,0,1152,2,2,6,0,0,0
8658,6,5,1965,1088,1324,0,1324,3,1,6,1,2,440
16905,5,6,1959,1350,1328,0,1328,2,1,5,2,1,308
9180,5,7,1983,840,884,0,884,2,1,5,0,2,504
9200,5,6,1975,938,938,0,938,3,1,5,0,1,308
7945,5,6,1959,1150,1150,0,1150,3,1,6,0,1,300
7658,9,5,2005,1752,1752,0,1752,2,1,6,1,2,576
12822,7,5,2003,1434,1518,631,2149,1,1,6,1,2,670
11096,8,5,2006,1656,1656,0,1656,3,1,7,0,3,826
4456,4,5,1920,736,736,716,1452,2,3,8,0,0,0
7742,5,7,1966,955,955,0,955,3,1,6,0,1,386
13869,6,6,1997,794,794,676,1470,3,1,6,0,2,388
6240,6,6,1934,816,816,0,1176,3,1,6,1,2,528
8472,5,5,1963,816,816,0,816,2,1,5,0,2,516
50271,9,5,1981,1842,1842,0,1842,0,1,5,1,3,894
7134,5,5,1955,384,1360,0,1360,3,1,6,1,2,572
10175,6,5,1964,1425,1425,0,1425,3,1,7,1,2,576
2645,8,5,1999,970,983,756,1739,3,1,7,0,2,480
11645,7,5,2004,860,860,860,1720,3,1,7,0,2,565
13682,10,5,2006,1410,1426,1519,2945,3,1,10,1,3,641
7200,5,7,1972,780,780,0,780,2,1,4,0,1,352
13072,6,5,2004,1158,1158,0,1158,3,1,5,0,2,576
7200,5,7,1920,530,581,530,1111,3,1,6,0,1,288
6442,8,5,2006,1370,1370,0,1370,2,1,6,1,2,484
10300,7,6,1921,576,902,808,1710,3,1,9,0,2,480
9375,7,5,1997,1057,1057,977,2034,3,1,8,0,2,645
9591,8,5,2004,1143,1143,1330,2473,4,1,9,1,3,852
19900,7,5,1970,1947,2207,0,2207,3,1,7,1,2,576
10665,7,5,2003,1453,1479,0,1479,3,1,7,0,2,558
4608,4,6,1945,747,747,0,747,2,1,4,0,1,220
15593,7,4,1953,1304,1304,983,2287,3,1,7,1,2,667
13651,7,6,1973,2223,2223,0,2223,3,1,8,2,2,516
7599,4,6,1982,845,845,0,845,2,1,4,0,2,360
10141,7,5,1998,832,885,833,1718,3,1,7,1,2,427
10200,5,7,1954,1086,1086,0,1086,3,1,6,0,2,490
5790,3,6,1915,840,840,765,1605,3,2,8,0,1,379
1596,4,5,1973,462,526,462,988,2,1,5,0,1,297
8475,4,7,1956,952,952,0,952,2,1,4,0,1,283
8635,5,5,1948,672,1072,213,1285,2,1,6,0,1,240
10778,4,5,1968,1768,1768,0,1768,4,2,8,0,0,0
10440,5,6,1910,440,682,548,1230,2,1,5,0,2,440
13000,6,6,1968,896,1182,960,2142,4,1,8,1,1,509
4500,6,5,1998,1237,1337,0,1337,2,1,5,0,2,405
10206,8,5,2007,1563,1563,0,1563,3,1,6,1,3,758
8892,5,5,1960,1065,1065,0,1065,3,1,6,0,2,461
8530,7,5,1995,384,804,670,1474,3,1,7,1,2,400
16059,8,5,1991,1288,1301,1116,2417,4,1,9,1,2,462
11911,6,5,2005,684,684,876,1560,3,1,6,1,2,400
3951,6,5,2009,612,612,612,1224,2,1,4,0,2,528
8470,3,2,1915,1013,1013,0,1526,2,1,6,0,0,0
8070,4,5,1994,990,990,0,990,3,1,5,0,0,0
7200,4,5,1950,0,1040,0,1040,2,1,4,0,2,420
8500,5,3,1961,1235,1235,0,1235,2,1,6,0,2,480
13360,5,7,1921,876,964,0,964,2,1,5,0,2,432
7200,6,6,1910,1214,1260,1031,2291,4,2,9,1,2,506
9337,6,5,1997,824,905,881,1786,3,1,7,0,2,684
9765,6,8,1993,680,680,790,1470,3,1,6,1,2,420
10264,7,5,1999,1588,1588,0,1588,3,1,6,0,2,472
10921,4,5,1965,960,960,0,960,3,1,6,0,1,432
10625,5,5,1920,458,835,0,835,2,1,5,0,1,366
9320,4,5,1959,950,1225,0,1225,3,1,6,0,0,0
10603,6,7,1977,1610,1610,0,1610,3,1,6,2,2,480
9206,6,5,1985,741,977,755,1732,3,1,7,1,2,476
7018,5,5,1979,0,1535,0,1535,4,2,8,0,2,410
10402,7,5,2009,1226,1226,0,1226,3,1,6,0,3,740
7758,7,4,1931,1040,1226,592,1818,4,1,7,2,1,240
9375,8,5,2003,1053,1053,939,1992,3,1,9,1,2,648
10800,4,7,1885,641,1047,0,1047,2,1,6,0,1,273
6000,5,5,1948,789,789,0,789,2,1,5,0,1,250
8500,5,7,1919,793,997,520,1517,3,1,7,0,0,0
11751,6,6,1977,1844,1844,0,1844,3,1,7,1,2,546
9525,6,4,1954,994,1216,639,1855,4,1,7,0,1,325
7750,7,5,2000,384,774,656,1430,3,1,7,1,2,400
9965,7,5,2007,1264,1282,1414,2696,4,1,10,1,3,792
21000,6,5,1953,1809,2259,0,2259,3,1,7,2,2,450
7259,6,8,1945,1028,1436,884,2320,3,1,9,1,1,180
3230,6,5,1999,729,729,729,1458,2,1,5,1,2,440
11616,5,5,1962,1092,1092,0,1092,3,1,6,1,1,288
8536,5,5,2006,1125,1125,0,1125,2,1,5,0,2,430
12376,7,5,1990,1673,1699,1523,3222,5,1,11,2,3,594
8461,6,5,2005,728,728,728,1456,3,1,8,1,2,390
21453,6,5,1969,938,988,0,988,1,1,4,2,2,540
6060,4,5,1939,732,772,351,1123,3,1,4,0,1,264
9464,6,7,1958,1080,1080,0,1080,3,1,5,0,1,288
7892,6,5,1993,1199,1199,0,1199,2,1,5,0,2,530
17043,6,5,1979,1362,1586,0,1586,3,1,7,1,2,435
6780,6,8,1935,520,520,0,754,2,1,5,0,0,0
4928,6,5,1976,1078,958,0,958,2,1,5,1,2,440
4388,5,7,1930,672,840,0,840,3,1,5,1,0,0
7590,6,5,1966,660,660,688,1348,3,1,6,1,2,453
8973,5,7,1958,1008,1053,0,1053,3,1,6,0,2,750
14200,7,6,1966,924,1216,941,2157,4,1,8,2,2,487
12224,6,5,2000,992,1022,1032,2054,3,1,7,1,2,390
7388,5,6,1959,1063,1327,0,1327,3,1,7,0,2,624
6853,8,5,2001,1267,1296,0,1296,2,1,6,0,2,471
10335,5,6,1968,1461,1721,0,1721,3,1,7,1,2,440
10400,7,6,1970,1304,1682,0,1682,3,1,7,1,2,530
10355,5,5,1967,1214,1214,0,1214,3,1,5,1,1,318
11070,7,5,1988,1907,1959,0,1959,5,2,9,0,3,766
9066,8,5,1999,1004,1004,848,1852,3,1,7,2,3,660
15426,6,5,1997,928,928,836,1764,3,1,7,0,2,470
10500,4,5,1971,864,864,0,864,3,1,5,1,0,0
11645,7,5,2005,1734,1734,0,1734,3,1,7,0,2,660
8520,5,4,1952,910,910,475,1385,4,1,6,0,2,720
10335,7,5,1999,1490,1501,0,1501,3,1,6,0,2,577
9100,5,5,1963,1728,1728,0,1728,6,2,10,0,2,504
2522,6,5,2004,970,970,739,1709,3,1,7,0,2,380
6120,5,7,1931,715,875,0,875,2,1,5,0,1,180
9505,7,5,2001,884,884,1151,2035,3,1,8,1,2,434
7500,7,5,2004,1080,1080,0,1080,3,1,6,0,0,0
6240,5,4,1936,896,896,448,1344,3,1,7,0,1,240
10356,5,6,1975,969,969,0,969,3,1,5,0,2,440
13891,8,5,2007,1710,1710,0,1710,2,1,6,1,3,866
14803,6,5,1971,825,1097,896,1993,4,1,8,1,2,495
13500,6,7,1960,1602,1252,0,1252,1,1,4,1,2,564
11340,6,5,1923,1200,1200,0,1200,4,1,7,0,1,312
9600,6,5,1924,572,572,524,1096,2,1,5,0,0,0
7200,5,7,1950,0,1040,0,1040,2,1,5,0,2,625
12003,8,5,2009,774,774,1194,1968,4,1,8,1,3,680
12552,7,5,2004,991,991,956,1947,3,1,8,1,2,678
19378,7,5,2005,1392,1392,1070,2462,4,1,9,1,2,576
11120,6,6,1984,1232,1232,0,1232,3,1,6,0,2,516
13688,9,5,2003,1572,1572,1096,2668,3,1,10,2,3,726
12182,7,5,2005,1541,1541,0,1541,3,1,7,1,2,532
5500,4,6,1956,882,882,0,882,1,1,4,0,0,0
5400,6,7,1926,1149,1149,467,1616,3,1,5,0,1,216
10106,5,7,1940,644,808,547,1355,4,2,6,0,0,0
10708,5,5,1955,1617,1867,0,1867,2,1,7,3,1,303
10562,8,5,2007,1582,1610,551,2161,3,1,8,1,3,789
8244,7,5,2004,840,840,880,1720,3,1,7,1,2,440
16669,8,6,1981,1686,1707,0,1707,2,1,6,1,2,511
12358,5,6,1941,720,854,0,1382,2,1,7,0,2,660
31770,6,5,1960,1080,1656,0,1656,3,1,7,2,2,528
5306,7,7,1987,1064,1064,703,1767,2,1,5,1,2,504
10197,6,5,1961,1362,1362,0,1362,3,1,6,1,2,504
12416,6,5,1986,1606,1651,0,1651,3,1,7,1,2,616
12615,6,7,1950,1202,2158,0,2158,4,1,7,1,2,576
10029,6,5,1988,1151,1164,896,2060,4,1,8,1,2,521
13650,5,5,1958,1052,1252,668,1920,4,1,8,1,2,451
17423,9,5,2008,2216,2234,0,2234,1,1,9,1,3,1166
8520,5,6,1923,968,968,0,968,2,1,5,0,2,480
2117,6,5,2000,756,769,756,1525,3,1,5,1,2,440
7588,7,6,1920,793,901,901,1802,4,1,9,1,1,216
9060,5,6,1957,0,1340,0,1340,3,1,7,1,1,252
11426,7,5,2003,1362,1362,720,2082,3,1,6,0,2,484
7438,5,8,1908,504,936,316,1252,3,1,5,0,2,576
22950,10,9,1892,1107,1518,1518,3608,4,1,12,2,3,840
9947,7,5,1990,1188,1217,0,1217,3,1,6,0,2,497
10410,5,7,1916,660,808,704,1656,3,1,8,0,1,180
7018,5,5,1979,1086,1224,0,1224,2,2,6,2,2,528
4923,8,5,2001,1593,1593,0,1593,0,1,5,1,2,682
10570,8,8,1932,853,1549,1178,2727,3,1,10,2,2,440
7472,7,9,1972,725,725,754,1479,4,1,7,0,2,484
9017,7,5,1999,1431,1431,0,1431,3,1,6,0,2,666
2522,7,5,2004,970,970,739,1709,3,1,7,0,2,380
7180,5,7,1972,864,864,0,864,3,1,5,0,1,352
2280,6,6,1976,855,855,601,1456,3,1,7,1,2,440
9416,7,5,2007,1726,1726,0,1726,3,1,8,1,3,786
25419,8,4,1918,1360,1360,1360,3112,4,1,8,1,2,795
5520,6,6,1912,755,929,929,2229,5,1,8,0,0,0
9591,8,5,2004,1713,1713,0,1713,3,1,7,1,3,856
8546,4,5,2003,1121,1121,0,1121,2,1,5,0,2,440
10125,6,6,1977,1196,1279,0,1279,3,1,6,2,2,473
7000,6,6,1924,617,865,445,1310,2,1,6,0,1,398
4438,6,5,2004,848,848,0,848,1,1,3,1,2,420
3500,5,7,1947,720,720,564,1284,2,1,5,0,1,240
11851,7,5,1990,1424,1442,0,1442,3,1,5,0,2,500
13673,5,5,1962,1140,1696,0,1696,3,1,8,1,1,349
12493,4,5,1960,1100,1100,0,1100,3,1,6,1,1,312
14364,7,5,1988,1157,1180,882,2062,3,1,7,1,2,454
8250,6,7,1964,1092,1092,0,1092,3,1,6,0,2,504
5604,5,6,1925,864,864,0,864,2,1,5,0,0,0
10420,6,5,2009,1212,1212,0,1212,3,1,6,0,2,460
8640,7,5,2009,900,932,920,1852,3,1,7,1,2,644
13568,5,5,1995,990,990,0,990,3,1,5,0,2,576
10900,6,7,1977,689,689,703,1392,3,1,6,0,1,299
10011,5,6,1957,1070,1236,0,1236,2,1,6,1,1,447
8450,7,5,2004,1436,1436,0,1436,3,1,8,0,2,484
9906,4,4,1925,686,810,518,1328,3,1,8,0,1,210
15660,7,9,1939,798,1137,817,1954,3,1,8,2,2,431
3010,7,5,2005,1248,1248,0,1248,2,1,5,0,2,438
8990,7,5,2006,1498,1498,0,1498,2,1,5,0,2,675
8068,6,5,2002,1010,1010,1257,2267,4,1,8,1,2,390
11475,6,6,1975,713,811,741,1552,3,1,6,1,2,434
10500,4,6,1971,864,864,0,864,2,1,4,0,2,576
13472,10,5,2003,2392,2392,0,2392,3,1,8,1,3,968
1680,5,5,1971,630,630,672,1302,3,1,6,0,1,280
9950,7,5,1995,1203,1214,1306,2520,4,1,9,1,3,721
1869,6,6,1970,483,483,504,987,2,1,5,0,1,280
8521,5,5,1967,912,912,0,912,3,1,5,1,1,336
3182,7,5,2005,1373,1555,0,1555,2,1,7,1,2,430
8760,6,6,1959,1194,1194,0,1194,3,1,6,0,1,312
15138,8,5,1995,1462,1490,1304,2794,4,1,9,1,3,810
1680,6,5,1972,483,483,504,987,2,1,5,1,1,288
10650,5,6,1976,894,894,0,894,3,1,5,0,1,308
7851,6,5,2002,860,860,1100,1960,4,1,8,2,2,440
1680,6,3,1971,483,483,504,987,2,1,5,0,1,264
8773,7,5,2004,1414,1414,0,1414,3,1,6,0,2,494
9453,7,7,1993,996,1014,730,1744,3,1,7,0,2,457
12030,8,5,2007,1694,1694,0,1694,3,1,7,0,3,818
8741,6,4,1945,735,798,689,1487,3,1,7,1,1,220
9000,8,5,2008,1566,1566,0,1566,3,1,7,0,2,750
3880,5,9,1945,686,866,0,866,2,1,4,0,0,0
5000,5,4,1900,540,889,551,1440,3,1,6,0,1,352
10762,6,6,1980,626,626,591,1217,3,1,6,1,1,288
8880,7,5,1994,948,1222,888,2110,3,1,8,2,2,463
10400,7,5,1988,1845,1872,0,1872,3,1,6,1,2,604
9142,6,8,1910,1020,908,1020,1928,4,2,9,0,1,440
11310,6,5,1954,1367,1375,0,1375,2,1,5,1,2,451
11317,7,5,2003,840,840,828,1668,3,1,8,0,2,500
159000,6,7,1958,1444,1444,700,2144,4,1,7,2,2,389
5350,3,2,1940,728,1306,0,1306,3,1,6,0,0,0
4750,8,5,2006,1573,1625,0,1625,2,1,5,1,2,538
8366,6,5,2004,798,798,842,1640,3,1,6,0,2,520
9350,6,7,1964,1302,1302,0,1302,3,1,7,0,1,309
8400,5,6,1957,1314,1314,0,1314,3,1,5,0,1,294
8738,7,5,1999,975,1005,1286,2291,4,1,8,1,2,429
8791,6,5,2003,864,864,864,1728,3,1,7,0,2,673
8814,7,5,2006,1604,1604,0,1604,3,1,8,1,2,660
12435,7,5,2001,963,963,829,1792,3,1,7,1,2,564
12702,5,5,1956,0,882,0,882,2,1,4,0,1,308
19296,6,5,1962,1362,1382,0,1382,3,1,6,1,2,884
9588,8,5,2007,1482,1482,1092,2574,3,1,10,1,3,868
8471,6,7,1977,506,1212,0,1212,3,1,6,1,2,492
5500,5,7,1929,926,926,0,1316,3,1,6,0,2,484
5232,5,5,1925,680,764,0,764,2,1,4,0,2,504
12090,6,6,1981,1422,1422,0,1422,3,1,7,1,2,576
11207,6,5,1997,802,802,709,1511,3,1,8,1,2,413
8400,5,8,1939,720,1052,720,2192,4,1,8,1,1,240
6900,5,6,1940,740,778,0,778,2,1,4,1,1,924
7917,6,7,1976,1143,1113,0,1113,3,1,6,1,1,504
10728,8,5,2006,1095,1095,844,1939,3,1,8,1,3,1053
39104,7,7,1954,1385,1363,0,1363,2,1,5,2,2,439
11764,8,7,1999,1152,1164,1106,2270,4,1,9,1,3,671
9600,6,6,1958,1240,1632,0,1632,3,1,6,1,1,338
8314,5,7,1982,816,816,0,816,2,1,5,0,1,264
7264,7,7,1925,952,952,596,1548,3,1,5,0,2,672
9196,7,5,2003,1560,1560,0,1560,3,1,7,0,2,573
19138,4,5,1951,864,864,0,864,2,1,4,0,2,400
14450,9,5,2006,2121,2121,0,2121,3,1,8,1,3,732
10005,7,5,1977,1160,1156,866,2022,4,1,8,1,2,505
11287,7,6,1989,807,1175,807,1982,3,1,7,1,2,575
7200,6,5,2006,1262,1262,0,1262,2,1,5,0,2,572
5063,7,5,2007,1314,1314,0,1314,2,1,6,1,2,626
9612,8,5,2008,1468,1468,0,1468,3,1,6,1,3,898
8012,6,5,1992,1575,1575,0,1575,2,1,5,0,2,529
4251,7,5,2006,625,625,625,1250,2,1,5,0,2,528
9786,6,7,1962,912,1085,649,1734,3,1,7,1,2,440
8125,4,4,1971,858,858,0,858,3,1,5,0,0,0
9819,5,5,1967,882,900,0,900,3,1,5,0,1,280
8730,6,7,1915,698,698,698,1396,3,1,7,0,1,384
15611,8,5,2006,1079,1079,840,1919,3,1,8,1,2,685
5687,5,6,1912,780,936,780,1716,6,1,9,0,0,0
11409,5,4,1949,768,1148,568,1716,3,1,8,1,1,281
16659,7,7,1977,795,1468,795,2263,3,1,9,1,2,539
9600,6,5,1953,1416,1644,0,1644,3,1,7,2,2,418
7937,6,6,1984,1003,1003,0,1003,3,1,6,0,2,588
13710,5,5,1950,910,910,648,1558,4,1,6,0,1,282
7399,7,5,1997,975,975,975,1950,3,1,7,1,2,576
11700,6,6,1968,702,1041,702,1743,3,1,7,1,2,539
14000,6,8,1950,1092,1152,0,1152,3,1,6,1,1,300
15750,5,5,1953,1165,1336,0,1336,2,1,5,2,1,375
16226,8,5,1998,1028,1210,1242,2452,4,1,9,1,2,683
13704,7,5,2001,1541,1541,0,1541,3,1,6,1,3,843
9800,5,7,1972,894,894,0,894,3,1,5,0,2,552
18386,7,9,1880,1470,1675,1818,3493,3,1,10,1,3,870
10386,8,5,2004,2000,2000,0,2000,3,1,8,0,3,888
13474,7,5,1990,700,1122,1121,2243,4,1,8,1,3,746
7920,6,7,1920,319,1035,371,1406,3,1,6,0,0,0
12342,4,5,1940,861,861,0,861,1,1,4,0,2,539
12378,9,5,2003,1896,1944,0,1944,3,1,8,3,3,708
7685,6,5,1993,697,697,804,1501,3,1,6,1,2,420
8000,6,6,1948,972,972,0,972,2,1,5,1,1,240
7800,5,7,1939,793,793,325,1118,3,1,5,1,2,410
215245,7,5,1965,2136,2036,0,2036,3,1,8,2,2,513
9600,7,7,1925,728,832,809,1641,3,1,6,1,2,546
7795,7,5,2004,716,716,716,1432,3,1,6,1,2,432
13005,7,7,1980,845,1153,1200,2353,4,1,10,1,2,484
9000,8,5,2006,1088,1088,871,1959,3,1,8,1,3,1025
9900,7,5,1993,1347,1372,1274,2646,4,1,9,1,3,656
14115,7,5,1980,1372,1472,0,1472,3,1,6,2,2,588
16259,9,5,2006,1249,1249,1347,2596,4,1,9,0,3,840
12099,8,5,2004,1136,1136,1332,2468,4,1,10,1,3,872
10380,7,5,1986,1502,1553,1177,2730,4,1,8,1,2,576
5820,3,8,1955,1162,1163,0,1163,3,1,6,0,1,220
11275,7,7,1967,710,1898,1080,2978,5,1,11,1,2,564
5000,5,6,1941,720,803,0,803,2,1,5,0,2,360
10846,8,5,1993,1719,1719,0,1719,1,1,6,2,2,473
11600,6,5,1960,1383,1383,0,1383,3,1,7,0,1,292
11888,6,6,1916,844,1445,689,2134,5,1,10,0,2,441
6402,5,5,1920,596,596,596,1192,3,1,6,0,1,189
10624,5,4,1964,1728,1728,0,1728,6,2,10,0,1,352
8176,5,6,1958,1056,1056,0,1056,3,1,6,0,1,308
10655,8,5,2003,3206,1629,0,1629,3,1,7,1,3,880
8198,7,5,2004,1358,1358,0,1358,2,1,6,1,2,484
9042,6,5,1998,943,943,695,1638,3,1,7,2,2,472
164660,5,6,1965,1499,1619,167,1786,3,1,7,2,2,529
14157,9,5,2005,1922,1922,0,1922,3,1,8,1,3,676
9135,7,5,2002,1536,1536,0,1536,3,1,7,0,2,532
14145,7,7,1984,1208,1621,0,1621,3,1,8,0,2,440
12400,6,7,1958,1215,1215,0,1215,3,1,6,0,1,297
14191,8,5,2002,967,993,915,1908,4,1,9,0,2,431
8400,4,4,1950,721,841,0,841,2,1,4,0,1,294
8544,3,4,1949,0,1040,0,1040,2,2,6,0,2,400
8849,9,5,2005,1684,1684,0,1684,2,1,6,1,2,564
2592,5,3,1976,536,536,576,1112,3,1,4,0,1,336
6435,6,5,1939,972,972,605,1577,3,1,6,1,1,312
12772,6,8,1960,958,958,0,958,2,1,5,0,1,301
17600,6,5,1960,1478,1478,0,1478,3,1,6,2,2,498
2448,7,5,2003,764,764,862,1626,2,1,6,0,2,474
20431,9,5,2005,1848,1848,880,2728,4,1,10,2,3,706
7820,9,5,2007,1869,1869,0,1869,2,1,6,1,2,617
5271,7,5,1986,1453,1453,0,1453,2,1,6,1,2,445
9084,5,6,1941,616,616,495,1111,3,1,5,0,1,200
8520,6,8,1928,624,720,0,720,2,1,5,0,2,484
8400,6,5,1940,940,1192,403,1595,2,1,6,2,1,240
11249,6,5,1995,1200,1200,0,1200,3,1,6,0,2,521
9248,6,6,1992,1158,1167,0,1167,3,1,6,0,2,400
4224,5,5,1976,1142,1142,0,1142,3,1,6,1,2,528
6930,5,4,1958,1062,1352,0,1352,3,1,6,0,1,288
12011,8,5,1998,1086,1086,838,1924,3,1,7,1,2,592
7540,6,6,1978,888,912,0,912,2,1,5,1,2,470
9144,5,5,1940,883,988,517,1505,3,1,8,0,1,240
7301,7,5,2003,0,495,1427,1922,4,1,7,1,2,672
1680,6,8,1972,483,483,504,987,2,1,5,0,1,264
18800,6,5,1976,796,790,784,1574,3,1,6,1,2,566
10690,5,7,1920,672,672,672,1344,3,1,6,0,1,468
9500,6,5,1963,1394,1394,0,1394,3,1,6,2,2,514
9150,6,5,1962,1099,1431,0,1431,3,1,6,1,1,296
7800,5,6,1954,1268,1268,0,1268,2,1,7,1,1,244
9830,5,7,1959,1063,1287,0,1287,3,1,7,1,2,576
8121,6,5,2000,953,953,711,1664,3,1,7,1,2,460
17120,4,4,1959,0,1120,468,1588,4,1,7,1,2,680
7175,6,5,1984,744,752,0,752,2,1,4,0,1,264
10634,5,6,1953,608,1319,0,1319,3,1,5,0,1,270
8200,7,5,2003,847,847,1081,1928,4,1,8,1,2,434
10020,1,1,1922,683,904,0,904,1,1,4,0,0,0
8846,5,5,1996,870,914,0,914,2,1,5,0,2,576
11143,8,5,2004,1580,1580,886,2466,4,1,8,1,2,610
11394,9,2,2010,1856,1856,0,1856,1,1,8,1,3,834
8123,6,5,2000,982,1007,793,1800,3,1,7,1,2,463
5000,5,6,1924,1026,1026,665,1691,3,1,6,1,1,308
7200,7,5,2006,1293,1301,0,1301,2,1,5,1,2,572
9245,7,5,2006,939,939,858,1797,3,1,8,0,2,639
9000,6,3,1928,784,784,0,784,2,1,5,0,2,360
53107,6,5,1992,1580,1079,874,1953,3,1,9,2,2,501
3182,8,5,2004,1256,1269,0,1269,2,1,6,1,2,430
8410,5,3,1910,658,658,526,1184,5,1,8,0,0,0
7200,6,6,1976,1041,1125,0,1125,3,1,6,1,1,352
9382,7,5,1999,1468,1479,0,1479,3,1,6,0,2,577
12474,10,5,2007,1682,1742,590,2332,3,1,9,1,3,846
8405,5,8,1900,861,961,406,1367,4,1,7,0,1,384
12209,6,5,2001,804,804,1157,1961,3,1,7,1,2,560
8339,5,7,1959,0,882,0,882,3,1,5,0,1,294
7446,4,5,1941,788,788,0,788,2,1,4,2,0,0
10134,5,6,1940,735,735,299,1034,2,1,5,0,1,240
9571,5,6,1956,1144,1144,0,1144,3,1,6,0,1,596
7200,5,5,1972,894,894,0,894,2,1,6,0,2,600
7590,5,5,1962,864,876,936,1812,4,1,8,1,1,264
8967,5,2,1920,961,1077,0,1077,2,1,6,0,1,338
8125,7,5,2006,1092,1112,438,1550,2,1,7,0,2,438
14963,8,5,1996,1260,1288,0,1288,1,1,4,2,2,500
8767,7,5,2005,1310,1310,0,1310,3,1,6,1,2,400
10200,5,8,1940,672,672,0,672,2,1,4,0,1,240
12090,8,5,1998,1141,1165,1098,2263,4,1,10,1,2,420
10364,6,5,1995,806,806,766,1572,3,1,7,1,2,373
9991,4,4,1976,1281,1620,0,1620,3,1,8,1,2,490
10480,6,5,1936,1064,1166,0,1639,3,1,6,0,1,240
15576,6,7,1915,840,840,840,1680,4,1,8,0,1,308
14154,7,5,2006,1063,1071,1101,2172,3,1,9,1,3,947
10800,8,5,2007,1034,1050,1028,2078,3,1,8,1,3,836
9571,5,3,1958,1276,1276,0,1276,3,1,5,0,1,350
34650,5,5,1955,1056,1056,0,1056,3,1,5,0,2,572
4403,7,5,2009,1470,1478,0,1478,2,1,7,1,2,484
8960,5,6,1927,1008,1028,0,1028,2,1,5,1,2,360
11228,7,5,1993,1080,1080,1017,2097,3,1,9,1,3,678
8899,7,5,2007,1340,1340,0,1340,3,1,6,0,2,396
7844,6,7,1978,672,672,728,1400,3,1,6,1,2,440
22420,6,6,1918,1370,1370,1254,2624,4,1,10,1,3,864
8160,5,6,1940,756,756,378,1134,3,1,7,0,1,240
8450,5,6,1968,1056,1056,0,1056,3,1,6,1,1,304
7060,7,5,1997,1344,1344,0,1344,2,2,8,0,4,784
16635,6,7,1977,1602,1602,0,1602,3,1,8,1,2,529
21750,5,5,1954,988,988,0,988,2,1,4,0,2,520
9200,8,5,1998,1470,1470,1160,2630,4,1,8,1,3,696
9000,6,5,1956,1196,1196,0,1196,2,1,6,1,1,297
3378,7,8,1946,651,707,682,1389,3,1,6,2,1,240
12800,7,5,1989,1518,1644,0,1644,2,1,5,1,2,569
8593,4,6,1957,907,907,0,907,3,1,5,0,1,352
6762,7,5,2007,1208,1208,0,1208,2,1,6,0,2,628
11457,6,5,1988,1392,1412,0,1412,3,1,6,1,2,576
1680,6,5,1971,483,483,504,987,2,1,4,0,1,264
5586,6,7,1920,901,1088,110,1198,4,1,7,0,0,0
1920,5,5,1971,765,765,600,1365,2,1,6,0,2,440
10839,6,5,1997,926,926,678,1604,3,1,7,1,2,470
1890,4,7,1972,630,630,0,630,1,1,3,0,0,0
10667,7,6,1996,799,827,834,1661,3,1,6,1,2,550
4400,6,8,1920,648,734,384,1118,2,1,6,0,2,440
6000,6,7,1926,884,904,0,904,2,1,4,0,1,180
4280,5,6,1913,440,694,0,694,2,1,4,1,1,352
12354,6,8,1920,684,684,512,1196,3,1,7,0,2,528
15431,10,5,2008,3094,2402,0,2402,2,1,10,2,3,672
12108,4,4,1955,1440,1440,0,1440,4,2,8,0,0,0
6240,5,7,1930,1078,1128,445,1573,3,1,8,1,2,360
3922,7,5,2006,1258,1258,0,1258,2,1,6,1,3,648
8750,7,5,1994,915,933,975,1908,4,1,8,1,2,493
9855,6,5,1956,1436,1689,0,1689,3,1,7,1,2,480
16492,6,6,1966,1517,1888,0,1888,2,1,6,1,2,578
11214,7,5,1998,930,956,930,1886,4,1,10,1,2,431
8600,6,6,1937,780,780,596,1376,3,1,7,1,1,198
6000,3,7,1948,649,679,504,1183,2,1,6,0,1,308
5684,6,8,1930,813,813,0,813,2,1,5,0,1,270
70761,7,5,1975,1533,1533,0,1533,2,1,5,2,2,576
9303,6,5,1996,872,888,868,1756,3,1,7,0,2,422
9000,8,5,2008,768,786,804,1590,3,1,6,0,2,676
9297,5,5,1976,1728,1728,0,1728,4,2,8,0,2,560
9600,7,6,1973,1242,1242,0,1242,3,1,6,1,2,528
4571,5,5,1916,624,624,720,1344,4,1,7,0,3,513
53227,4,6,1954,1364,1663,0,1663,2,1,6,2,2,529
5100,8,7,1925,588,833,833,1666,3,1,7,1,1,228
7015,5,4,1950,709,979,224,1203,3,1,5,1,1,352
8004,8,5,2009,832,832,1103,1935,3,1,8,0,2,552
7200,7,9,1936,560,575,560,1135,3,1,6,0,2,576
8281,5,5,1965,864,864,0,864,3,1,5,1,1,360
11988,6,7,1934,715,849,811,1660,3,1,6,1,1,240
8430,5,5,1978,1040,1040,0,1040,3,1,5,0,0,0
3072,7,5,2004,1375,1414,0,1414,2,1,6,1,2,398
10628,7,5,1970,1277,1277,0,1277,2,1,5,1,2,526
9480,5,7,1942,728,888,756,1644,3,1,7,2,1,312
11428,8,5,2006,1626,1634,0,1634,3,1,7,1,3,866
9291,6,5,1993,832,832,878,1710,3,1,7,0,2,506
6820,8,5,1985,1488,1502,0,1502,1,1,4,0,2,528
11952,7,6,1977,808,1161,808,1969,3,1,8,1,2,534
3675,6,5,2005,547,1072,0,1072,2,1,5,0,2,525
14977,8,5,2006,1976,1976,0,1976,2,1,7,1,3,908
5330,8,5,2000,1494,1652,0,1652,2,1,6,0,2,499
8480,5,6,1963,970,970,0,970,2,1,5,0,2,624
13125,6,5,1997,1478,1493,0,1493,3,1,7,1,2,508
13693,9,5,2006,2153,2069,574,2643,3,1,9,1,3,694
10637,8,5,2007,1705,1718,0,1718,3,1,7,1,3,826
5925,4,7,1937,907,1131,0,1131,2,1,7,0,2,672
16033,9,5,2004,1833,1850,0,1850,3,1,8,1,3,772
11846,9,5,2003,1792,1792,0,1792,2,1,6,1,3,874
2500,7,8,1915,910,916,910,1826,4,1,7,1,1,164
4500,6,5,1998,1216,1216,0,1216,2,1,5,0,2,402
7758,5,7,1962,999,999,0,999,3,1,6,0,1,264
9600,5,7,1950,1113,1113,0,1113,3,1,5,1,1,264
10289,5,7,1965,1073,1073,0,1073,3,1,6,0,2,515
12243,5,6,1971,1484,1484,0,1484,3,1,7,1,2,487
10800,5,4,1900,954,1766,648,2414,3,2,10,1,2,520
1526,4,8,1970,630,630,0,630,1,1,3,0,1,286
2665,5,6,1976,264,616,688,1304,3,1,4,1,1,336
9490,6,7,1941,806,958,620,1578,3,1,5,2,1,240
15578,6,5,2006,728,728,728,1456,3,1,8,0,2,429
7931,5,6,1960,1269,1269,0,1269,3,1,6,1,1,308
5784,5,8,1938,190,886,0,886,2,1,4,0,1,273
7879,4,5,1920,720,720,0,720,2,1,4,0,0,0
12692,8,5,1992,3200,3228,0,3228,4,1,10,1,2,546
9120,7,6,1925,1026,1133,687,1820,4,1,8,0,1,240
7800,5,7,1967,864,899,0,899,3,1,5,0,1,288
7535,5,7,1958,912,912,0,912,2,1,5,0,1,297
1890,6,5,1973,672,672,546,1218,3,1,7,0,1,264
9803,7,5,2005,866,866,902,1768,3,1,7,0,2,603
9170,5,7,1965,1214,1214,0,1214,2,1,6,0,2,461
15602,7,8,1959,1501,1801,0,1801,1,1,6,2,2,484
2308,6,5,1974,855,855,467,1322,3,1,6,1,2,440
7596,5,5,1952,960,960,1000,1960,4,2,10,0,2,400
9554,8,5,1993,777,1065,846,1911,3,1,8,1,2,471
7862,6,5,2009,1218,1218,0,1218,2,1,4,0,2,676
9600,7,9,1928,689,689,689,1378,3,1,7,1,2,360
9600,5,6,1959,1041,1041,0,1041,3,1,6,0,1,270
14559,5,7,1951,1008,1363,0,1363,2,1,6,2,1,288
6792,7,5,2005,1368,1368,0,1368,2,1,6,1,2,474
9100,5,5,1958,864,864,0,864,3,1,5,0,2,624
9187,6,5,1983,1084,1080,0,1080,3,1,5,0,2,484
10594,5,5,1926,768,789,0,789,2,1,5,0,1,200
12220,10,5,2009,2006,2020,0,2020,3,1,9,1,3,900
10448,6,6,1972,689,1378,741,2119,3,1,7,1,2,583
10208,7,5,1996,1264,1277,1067,2344,3,1,7,1,3,889
9531,6,5,1998,794,882,914,1796,3,1,7,0,2,546
10918,7,9,1926,1276,1276,804,2080,3,1,9,2,1,282
10800,4,7,1900,0,694,600,1294,3,2,7,0,0,0
11988,6,6,1957,1244,1244,0,1244,3,1,6,2,1,336
5000,6,7,1947,1004,1004,660,1664,3,1,7,2,2,420
40094,10,5,2007,3138,3138,1538,4676,3,1,11,1,3,884
11787,7,5,1996,1379,1383,1015,2398,3,1,8,1,3,834
7500,7,5,2005,1257,1266,0,1266,3,1,6,1,2,453
13300,5,7,1956,928,928,0,928,2,1,4,0,1,252
14948,9,5,2008,1452,1476,1237,2713,3,1,11,1,3,858
9098,4,7,1920,528,605,0,605,2,1,5,0,0,0
32668,6,3,1957,2035,2515,0,2515,4,2,9,2,2,484
10200,6,5,1988,1461,1509,0,1509,3,1,5,1,2,600
6155,6,8,1920,611,751,611,1362,3,1,6,0,2,502
7200,5,7,1955,0,827,0,827,2,1,5,1,1,392
5000,1,3,1946,0,334,0,334,1,1,2,0,0,0
9056,8,5,2004,707,707,707,1414,3,1,6,1,2,403
7000,5,7,1910,1117,820,527,1347,3,1,5,0,0,0
8924,7,5,1998,880,880,844,1724,3,1,8,0,2,527
12735,4,5,1972,864,864,0,864,3,1,5,0,2,576
11553,5,5,1968,1051,1159,0,1159,3,1,7,1,1,336
11423,8,5,2001,1581,1601,0,1601,3,1,6,1,2,670
14601,9,5,2006,1838,1838,0,1838,2,1,8,1,3,765
11000,8,5,2000,969,997,1288,2285,4,1,8,1,3,648
10140,7,5,1998,1650,1680,0,1680,3,1,7,1,2,583
4058,7,5,1998,723,767,0,767,1,1,4,0,1,367
17104,7,5,2006,654,664,832,1496,3,1,7,1,2,426
13837,7,5,1988,1204,1377,806,2183,4,1,9,0,3,786
8737,6,7,1923,1065,915,720,1635,3,1,6,1,2,440
7244,5,7,1970,768,768,0,768,2,1,5,0,2,624
8235,5,7,1955,825,825,0,825,2,1,4,0,2,720
9375,7,5,2003,912,912,1182,2094,4,1,8,1,2,615
4043,6,6,1977,1069,1069,0,1069,2,1,4,0,2,440
6000,5,6,1957,928,928,0,928,3,1,5,0,1,288
11146,8,5,2006,1709,1717,0,1717,3,1,7,1,3,908
8777,4,5,1949,0,1126,0,1126,2,1,5,0,2,520
10625,7,5,2003,998,1006,1040,2046,3,1,8,1,3,871
6380,5,6,1922,993,1048,0,1048,2,1,5,1,1,280
14850,5,5,1957,1092,1092,0,1092,2,1,6,1,1,299
11040,4,6,1920,637,897,439,1336,3,1,7,0,1,570
21872,7,5,1996,729,729,717,1446,3,1,6,1,2,406
3196,7,5,2003,1374,1557,0,1557,2,1,7,1,2,420
11341,5,6,1957,1392,1392,0,1392,3,1,5,1,2,528
10010,5,5,1974,1389,1389,0,1389,2,1,6,1,2,418
13907,5,6,1940,996,996,0,996,3,1,6,1,0,0
21780,6,7,1918,1163,1163,511,1674,4,1,8,1,2,396
13346,7,5,1992,1095,1166,1129,2295,4,1,9,1,2,590
6858,6,4,1915,806,841,806,1647,4,1,6,0,1,216
11198,9,5,2005,1122,1134,1370,2504,4,1,11,1,3,656
10171,7,5,2004,1517,1535,0,1535,3,1,7,0,2,532
12327,8,8,1983,1496,1496,636,2132,1,1,5,1,2,612
7032,5,5,1979,943,943,0,943,2,1,4,2,2,600
13101,5,5,1965,1728,1728,0,1728,6,2,10,0,2,576
7332,6,6,1959,864,864,0,864,2,1,4,0,1,288
13159,7,5,2009,846,846,846,1692,3,1,6,0,2,650
9967,7,5,2000,384,774,656,1430,3,1,8,1,2,400
10500,5,7,1971,372,576,533,1109,3,1,5,0,1,288
8480,5,5,1947,832,832,384,1216,2,1,6,0,1,336
6292,7,7,1928,861,877,600,1477,3,1,6,1,1,216
11777,5,6,1966,1164,1320,0,1320,3,1,6,2,2,564
3604,7,5,2007,689,703,689,1392,2,1,5,0,2,540
12150,5,5,1954,1050,1050,745,1795,4,1,7,0,1,352
14585,6,6,1960,1144,1429,0,1429,3,1,7,2,2,572
12704,8,5,2008,2042,2042,0,2042,3,1,8,1,3,1390
11841,6,5,1990,816,816,0,816,3,1,5,0,0,0
13500,10,9,1893,1237,1521,1254,2775,3,1,9,1,2,880
6120,4,7,1935,884,989,584,1573,3,1,6,0,1,240
11443,8,5,2005,1868,2028,0,2028,2,1,7,2,3,880
10267,6,7,1918,816,838,0,838,2,1,5,0,1,275
8740,5,6,1982,840,860,0,860,2,1,4,0,2,528
25095,5,8,1968,1437,1473,0,1473,1,1,5,2,1,452
9100,5,6,1930,742,779,0,935,2,1,4,0,1,308
8320,7,5,2004,770,770,812,1582,3,1,6,0,2,520
13478,10,5,2008,1722,1728,568,2296,3,1,10,1,3,842
6600,5,8,1982,816,816,0,816,2,1,4,0,2,816
4435,6,5,2003,848,848,0,848,1,1,4,0,2,420
7990,5,6,1975,924,924,0,924,3,1,5,0,1,280
11302,8,5,2005,1814,1826,0,1826,3,1,7,1,3,758
3600,6,7,1910,684,684,684,1368,3,1,7,0,1,216
3922,7,5,2006,1258,1402,0,1402,2,1,7,1,3,648
12984,5,6,1977,1430,1647,0,1647,3,1,7,1,2,621
1950,6,6,1980,716,716,840,1556,3,1,6,1,2,452
10927,8,5,2005,1058,1058,846,1904,3,1,8,1,2,736
9000,6,6,1937,780,780,595,1375,3,1,6,1,1,544
10041,8,5,1992,908,927,988,1915,3,1,8,1,2,506
3182,7,5,2004,600,600,600,1200,2,1,4,0,2,480
12803,7,5,2002,1494,1494,0,1494,3,1,6,1,2,530
13600,7,6,1965,768,1186,800,1986,3,1,7,3,2,486
12464,5,5,1996,1040,1040,0,1040,3,1,6,0,2,576
7800,5,8,1948,896,1112,896,2008,3,1,8,0,1,230
12168,8,6,1934,965,1940,1254,3194,4,1,10,2,2,380
7943,4,5,1961,1029,1029,0,1029,3,1,5,0,1,261
11050,9,5,2000,1440,1476,677,2153,3,1,8,2,3,736
10395,6,6,1978,1032,1032,0,1032,3,1,6,1,2,564
11885,8,5,2001,1299,1299,573,1872,3,1,7,1,2,531
8402,5,5,2007,1120,1120,0,1120,3,1,6,0,0,0
1491,4,6,1972,630,630,0,630,1,1,3,0,0,0
8800,6,7,1963,936,1054,0,1054,3,1,6,0,2,480
7861,6,5,2002,783,807,702,1509,3,1,7,1,2,393
7227,6,6,1954,832,832,0,832,2,1,4,0,2,528
11694,9,5,2007,1822,1828,0,1828,3,1,9,1,3,774
12244,8,5,2003,1482,1482,780,2262,4,1,10,2,3,749
8248,3,3,1914,864,864,0,864,2,1,5,0,0,0
10800,6,7,1974,1522,1548,1066,2614,4,1,9,1,2,624
7064,5,6,1977,980,980,0,980,3,1,6,0,2,484
2117,6,5,2000,756,756,756,1512,2,1,4,1,2,440
10400,6,5,1972,732,1012,778,1790,4,1,8,1,2,484
10000,6,6,1962,1116,1116,0,1116,3,1,5,0,2,440
12342,5,5,1960,978,1422,0,1422,3,1,6,1,1,286
9600,6,6,1955,1156,1520,0,1520,3,1,7,2,1,364
11606,5,5,1969,1040,1040,1040,2080,5,1,9,2,2,504
9020,6,5,1964,1248,1350,0,1350,3,1,6,0,2,520
9000,5,6,1880,636,1089,661,1750,3,1,8,0,1,240
4590,8,5,2006,1554,1554,0,1554,2,1,6,1,2,627
11900,7,5,1977,1386,1411,0,1411,3,1,6,1,2,544
9250,5,7,1954,1056,1056,0,1056,3,1,6,0,1,260
6979,6,5,1980,1056,1056,0,1056,0,2,4,0,2,576
10896,6,7,1914,1440,1440,1440,3395,8,2,14,0,0,0
6120,2,3,1936,264,800,0,800,1,1,4,1,0,0
6000,5,4,1954,811,811,576,1387,3,2,7,0,1,256
8777,5,7,1910,796,796,0,796,2,1,4,0,0,0
3982,8,5,2006,1520,1567,0,1567,1,1,7,1,3,648
12677,8,5,2003,1518,1518,0,1518,1,1,6,1,2,588
7050,7,5,2001,1057,1057,872,1929,3,1,7,1,2,650
13860,8,7,1972,1952,2000,704,2704,4,1,9,3,2,538
10793,5,5,1969,780,780,840,1620,4,1,7,0,2,462
9187,9,5,2009,1766,1766,0,1766,2,1,7,1,3,478
10530,6,5,1971,981,981,0,981,3,1,5,0,2,576
7200,5,5,1950,0,1048,0,1048,3,1,7,0,2,420
10452,6,5,1953,1094,1094,0,1094,3,1,5,2,2,495
7700,6,5,1966,756,1051,788,1839,4,1,7,1,2,442
1936,4,6,1970,630,630,0,630,1,1,3,0,0,0
8125,7,6,2007,813,822,843,1665,3,1,7,0,2,562
9084,4,5,1940,755,755,755,1510,4,1,7,1,1,296
8750,7,5,1996,880,909,807,1716,2,1,7,1,2,512
10320,6,7,1906,756,756,713,1469,3,1,7,0,1,216
10437,8,6,1995,2109,2113,0,2113,2,1,7,1,3,839
1680,6,5,1971,525,525,567,1092,3,1,6,0,1,264
10007,5,7,1959,1053,1053,0,1053,3,1,5,0,1,312
7200,7,6,1931,776,851,651,1502,3,1,6,1,1,270
17503,6,5,1948,912,912,546,1458,3,1,6,1,1,330
9937,5,7,1964,1486,1486,0,1486,3,1,7,0,2,480
12384,7,7,1976,793,1142,793,1935,3,1,7,1,2,550
46589,8,7,1994,1629,1686,762,2448,4,1,8,1,3,711
13560,6,3,1968,1392,1392,0,1392,2,1,5,2,2,576
10012,4,5,1972,1138,1181,0,1181,3,1,6,0,2,588
20896,8,5,2005,2077,2097,0,2097,1,1,8,1,3,1134
11194,8,5,2000,1406,1454,482,1936,3,1,7,1,2,504
18450,6,5,1965,1021,1465,915,2380,3,1,7,1,2,596
8125,6,5,1994,1408,1679,0,1679,3,1,7,1,2,575
14175,5,6,1956,1188,1437,0,1437,3,1,6,1,2,576
11600,4,5,1922,700,1180,0,1180,2,1,5,1,1,252
8633,6,5,2005,738,738,738,1476,3,1,7,0,2,540
6629,6,6,1925,672,697,672,1369,3,1,6,0,1,300
11250,6,6,1977,1208,1208,0,1208,3,1,6,1,2,546
14442,6,7,1957,1477,1839,0,1839,3,1,7,2,2,416
9200,6,6,1965,1136,1136,0,1136,3,1,5,1,1,384
2289,6,6,1978,855,855,586,1441,3,1,7,1,2,440
9600,4,2,1900,1095,1095,679,1774,4,2,8,0,3,779
9022,5,8,1924,768,792,0,792,2,1,5,0,1,240
11844,8,5,2008,2046,2046,0,2046,3,1,7,1,3,834
9945,5,5,1961,988,988,0,988,3,1,5,0,2,572
8012,6,5,1980,923,923,0,923,2,1,5,1,1,264
4500,5,5,1932,793,848,672,1520,3,1,6,0,1,281
2887,6,5,1996,1291,1291,0,1291,2,1,6,1,2,431
11248,9,5,2002,1626,1668,0,1668,3,1,7,1,3,702
16770,7,5,1998,1195,1195,644,1839,4,1,7,0,2,486
5062,7,5,1984,1190,1190,900,2090,3,1,6,1,2,577
10207,7,6,2007,874,874,887,1761,3,1,7,0,2,578
5105,7,5,2004,551,551,551,1102,2,1,4,0,2,480
8089,8,6,2007,1419,1419,0,1419,2,1,7,1,2,567
7577,6,5,2005,1362,1362,0,1362,2,1,6,1,2,460
4426,6,5,2004,848,848,0,848,1,1,3,1,2,420
21535,10,6,1994,2444,2444,1872,4316,4,1,10,2,3,832
26178,7,5,1989,1210,1238,1281,2519,4,1,9,2,2,628
5400,5,6,1921,1073,1073,0,1073,2,1,4,0,1,326
6120,5,6,1936,927,1067,472,1539,3,1,5,0,2,576
13811,6,6,1987,1112,1137,0,1137,2,1,5,1,2,551
6000,5,7,1921,616,616,0,616,2,1,4,0,1,205
6420,5,7,1952,980,1148,0,1148,2,1,6,0,1,308
8450,5,8,1965,894,894,0,894,3,1,5,1,1,336
4282,7,5,2004,1391,1391,0,1391,2,1,5,0,2,530
14331,8,5,2002,1800,1800,0,1800,3,1,7,1,3,765
9600,7,5,1969,1164,1164,0,1164,3,1,6,0,2,528
12438,8,5,2006,1234,1264,1312,2576,4,1,10,1,3,666
7630,5,9,1900,360,1032,780,1812,4,2,8,1,2,672
8400,7,5,2004,1473,1484,0,1484,3,1,7,0,2,606
5600,4,5,1930,0,372,720,1092,3,2,7,0,0,0
115149,7,5,1971,1643,1824,0,1824,2,1,5,2,2,739
6240,8,5,2006,1324,1324,0,1324,2,1,6,1,2,550
9018,7,5,2007,728,728,728,1456,3,1,8,1,2,400
7162,5,7,1966,876,904,0,904,3,1,6,0,1,408
4130,3,6,1935,270,729,0,729,2,1,5,0,0,0
8712,4,7,1900,859,859,319,1178,2,1,7,0,1,384
4671,8,5,1988,1228,1228,0,1228,2,1,5,1,2,472
9873,4,5,1970,960,960,0,960,3,1,6,0,2,576
13517,6,8,1976,725,725,754,1479,3,1,6,0,2,475
10140,6,5,1974,1064,1350,0,1350,3,1,7,1,2,478
10800,7,8,1890,718,1576,978,2554,3,1,8,0,2,704
10000,5,6,1973,1176,1178,0,1178,3,1,5,1,2,439
10542,7,5,1993,1311,1325,1093,2418,3,1,9,1,3,983
9920,5,6,1969,971,971,0,971,3,1,5,1,1,300
6563,8,5,1985,1742,1742,0,1742,2,1,5,1,2,564
4426,6,5,2004,848,848,0,848,1,1,3,0,2,420
8120,4,7,1970,864,864,0,864,3,1,5,0,2,463
8172,4,6,1954,941,997,473,1470,4,1,7,0,1,548
13286,9,5,2007,1698,1698,0,1698,3,1,8,1,3,768
6960,4,6,1970,864,864,0,864,3,1,5,0,2,660
21695,6,9,1988,880,1680,0,1680,3,1,5,1,2,540
7314,7,5,2007,1232,1232,0,1232,2,1,6,0,2,632
11475,5,5,1958,1584,1776,0,1776,4,2,9,0,3,888
6240,4,5,1925,780,848,0,1208,2,1,5,0,2,539
5389,8,5,1995,1595,1616,0,1616,2,1,5,1,2,608
9590,7,5,2003,868,1146,0,1146,3,1,6,1,2,438
11404,7,5,1998,1153,1153,878,2031,3,1,8,1,2,541
10000,5,6,1961,864,1144,0,1144,3,1,6,1,1,264
8978,5,5,1968,948,948,0,948,3,1,6,0,1,300
10800,7,7,1914,880,880,888,1768,2,1,6,2,2,320
8544,3,4,1950,0,1040,0,1040,2,2,6,0,2,400
10463,8,5,2005,893,901,900,1801,3,1,8,1,3,800
10800,5,5,1987,1200,1200,0,1200,3,1,5,0,0,0
9313,7,5,2004,864,864,864,1728,3,1,7,0,2,572
9600,5,7,1910,264,768,664,1432,2,1,7,0,2,360
6768,6,8,1961,912,912,0,912,3,1,5,0,1,288
8450,7,5,2000,1349,1349,0,1349,3,1,6,0,2,539
12886,5,6,1963,520,1464,0,1464,3,1,6,1,2,480
5395,8,5,1993,1337,1337,0,1337,2,1,5,1,2,462
8963,8,9,1976,1142,1175,1540,2715,4,1,11,2,2,831
8795,7,5,2000,952,980,1276,2256,4,1,8,1,2,554
11700,7,7,1880,1240,1320,1320,2640,4,1,8,1,4,864
10593,7,5,1996,1720,1720,0,1720,3,1,7,1,2,527
8405,4,3,1945,0,1088,441,1529,4,1,9,0,1,240
8800,4,7,1910,576,792,348,1140,3,1,7,0,0,0
7750,7,5,2003,660,660,660,1320,3,1,6,0,2,400
9236,6,5,1997,1479,1494,0,1494,3,1,6,0,2,576
10240,8,5,2005,1030,1038,1060,2098,3,1,8,1,3,878
7930,6,8,1969,1026,1026,0,1026,3,1,5,0,2,440
3230,6,5,1999,729,742,729,1471,3,1,6,0,2,440
10769,8,5,2007,866,866,902,1768,3,1,7,0,2,578
11616,6,5,1978,672,672,714,1386,3,1,6,1,2,440
2280,7,5,1999,744,757,744,1501,3,1,6,0,2,440
12257,8,5,1995,1318,1328,1203,2531,4,1,9,1,3,752
9100,6,6,1959,864,864,0,864,2,1,5,0,1,300
6911,5,5,1924,1145,1301,0,1301,2,1,5,0,2,440
8640,7,5,2009,756,764,783,1547,3,1,7,0,2,614
9430,8,5,1999,1252,1268,1097,2365,3,1,8,1,3,856
9549,8,5,1995,1494,1494,0,1494,2,1,6,1,2,481
14587,9,5,2008,1498,1506,0,1506,2,1,6,1,2,592
10421,7,5,1988,980,980,734,1714,3,1,7,1,2,496
12508,6,7,1940,983,983,767,1750,4,1,7,0,1,423
9100,7,5,2004,1860,1836,0,1836,3,1,8,1,2,484
53504,8,5,2003,1650,1690,1589,3279,4,1,12,1,3,841
7252,5,5,1982,858,858,0,858,2,1,5,0,2,576
8877,4,5,1951,836,1220,0,1220,2,1,6,0,2,396
7819,6,5,1976,1029,1117,0,1117,3,1,6,1,2,672
10150,5,5,1958,912,912,0,912,2,1,5,0,1,275
14226,8,5,2006,1935,1973,0,1973,3,1,9,1,3,895
4500,6,5,1998,1204,1204,0,1204,2,1,5,0,2,412
11210,7,5,2005,1614,1614,0,1614,3,1,7,0,3,865
13350,5,5,1974,864,894,0,894,3,1,5,1,2,440
8400,5,5,1977,0,2020,0,2020,4,2,10,2,2,630
10530,6,5,1977,975,1004,0,1004,2,1,4,0,2,504
7875,7,5,1995,1237,1253,0,1253,3,1,6,1,2,402
7153,6,5,1992,761,810,793,1603,3,1,7,0,2,484
16285,7,5,2001,1413,1430,0,1430,3,1,6,0,2,605
9101,5,6,1978,1097,1110,0,1110,1,1,4,1,2,602
6300,6,6,1914,742,742,742,1484,3,1,9,1,0,0
9790,6,5,1967,1372,1342,0,1342,3,1,7,1,2,457
10800,5,6,1915,686,966,686,1652,4,1,7,0,1,416
10142,7,5,2004,956,956,1128,2084,4,1,8,0,2,618
6000,4,7,1954,901,901,0,901,2,1,4,0,1,281
12205,6,8,1966,832,976,1111,2087,5,1,9,0,2,444
3182,7,5,2005,1145,1145,0,1145,2,1,5,1,2,397
11333,6,5,1976,1029,1062,0,1062,3,1,5,2,2,539
9920,7,5,1996,1117,1127,886,2013,3,1,8,1,2,455
9158,8,5,2007,1496,1496,0,1496,3,1,7,0,2,474
10832,7,5,1994,712,1086,809,1895,3,1,7,1,2,409
8400,6,6,1980,650,888,676,1564,3,1,7,1,2,476
8197,6,5,1977,660,1285,0,1285,3,1,7,1,2,528
7677,5,5,1953,773,773,0,773,2,1,4,0,1,240
13518,9,5,2008,1926,1966,1174,3140,4,1,11,2,3,820
7200,5,7,1937,731,981,787,1768,3,1,7,2,1,240
12798,6,5,1997,616,616,1072,1688,4,1,8,0,2,603
4800,4,7,1916,1196,1196,0,1196,2,1,5,0,2,440
8199,7,5,2005,728,728,728,1456,3,1,7,1,2,410
13891,9,5,2008,1734,1734,1088,2822,4,1,12,1,3,1020
9000,5,5,1954,936,1128,0,1128,2,1,5,0,1,286
12274,7,5,2008,1417,1428,0,1428,3,1,6,0,2,554
9750,5,5,1967,980,980,0,980,3,1,6,0,1,384
21384,5,6,1923,1324,1072,504,1576,3,1,6,1,2,528
13400,5,5,1966,1024,1086,0,1086,3,1,6,1,2,484
8100,5,5,1898,849,1075,1063,2138,2,3,11,0,2,360
10140,6,6,1974,1040,1309,0,1309,3,1,5,1,2,484
4438,6,5,2004,848,848,0,848,1,1,4,1,2,420
8712,5,5,1952,540,1044,0,1044,2,1,4,0,2,504
9750,6,6,1958,1442,1442,0,1442,4,1,7,0,1,301
8248,5,7,1918,686,686,564,1250,3,1,7,0,1,280
12137,7,5,1998,1649,1661,0,1661,3,1,6,0,2,598
11425,5,6,1954,1008,1008,0,1008,2,1,4,1,1,275
13265,8,5,2002,1568,1689,0,1689,3,1,7,2,3,857
8816,6,7,1971,1010,1052,0,1052,3,1,6,0,2,440
6371,7,5,2009,1358,1358,0,1358,2,1,6,1,2,484
7226,7,5,2003,798,798,842,1640,3,1,6,0,2,595
6000,4,4,1953,936,936,0,936,2,1,4,0,2,576
12394,7,5,2003,847,847,886,1733,3,1,7,1,2,433
9900,6,7,1940,778,944,545,1489,3,1,7,1,1,240
11216,8,5,2006,1489,1489,0,1489,3,1,7,1,2,776
14803,10,5,2007,2078,2084,0,2084,2,1,7,1,3,1220
6130,5,6,1924,784,784,0,784,2,1,5,0,0,0
8529,7,5,2001,1454,1434,0,1434,3,1,6,1,2,527
28698,5,5,1967,1013,1160,966,2126,3,1,7,0,2,538
2544,7,5,2005,600,520,623,1223,2,1,4,0,2,480
11900,6,5,1957,1392,1392,0,1392,3,1,6,2,2,458
3180,7,5,2005,600,520,600,1200,2,1,4,0,2,480
9548,7,6,2003,941,941,888,1829,3,1,7,1,2,613
10004,6,6,1964,1516,1516,0,1516,3,1,6,0,2,472
7875,5,6,1961,1144,1144,0,1144,3,1,6,0,2,456
9600,4,7,1950,1067,1067,0,1067,2,1,4,0,2,436
8100,5,6,1948,1559,1559,0,1559,2,1,5,0,2,812
1680,6,5,1973,483,483,504,987,2,1,5,0,1,264
9525,5,6,1995,1099,1099,0,1099,3,1,6,0,1,352
11767,5,6,1946,768,768,432,1200,3,1,6,0,1,240
12155,6,8,1925,672,810,672,1482,4,1,7,0,1,400
10440,5,8,1904,650,958,581,1539,3,1,8,1,2,686
9020,6,7,1966,1127,1165,0,1165,3,1,6,0,2,490
8000,5,4,1961,1800,1800,0,1800,6,2,10,0,0,0
12665,5,8,1915,876,876,540,1416,4,1,7,1,3,720
16647,5,5,1975,1390,1701,0,1701,3,1,6,2,2,611
9317,7,5,1993,740,1006,769,1775,3,1,7,1,2,425
15523,5,6,1972,864,864,0,864,3,1,5,1,1,338
45600,6,8,1908,907,1307,1051,2358,5,1,10,1,2,360
9600,6,7,1976,528,1094,761,1855,3,1,7,1,2,512
4435,6,5,2003,848,848,0,848,1,1,3,0,2,420
3196,8,5,2003,1273,1456,0,1456,2,1,7,1,2,400
7128,7,5,1941,918,918,728,1646,4,1,7,2,1,240
12095,6,6,1964,1127,1445,0,1445,3,1,7,1,2,645
17920,5,4,1955,1763,1779,0,1779,3,1,6,1,2,454
6897,5,8,1962,1040,1040,0,1040,3,1,6,0,1,260
10970,6,6,1978,940,1026,0,1026,3,1,5,0,2,576
8125,6,5,1994,702,702,779,1481,3,1,6,1,2,343
10400,7,5,1976,1090,1370,0,1370,3,1,6,1,2,479
11029,6,7,1968,1054,1512,1142,2654,4,1,9,1,2,619
7642,7,8,1918,912,912,514,1426,3,1,7,1,1,216
11625,5,4,1965,1039,1039,0,1039,3,1,6,0,2,504
9672,6,5,1984,1040,1097,0,1097,3,1,6,0,2,480
7931,5,5,1959,1148,1148,0,1148,3,1,6,0,1,672
8640,7,5,2007,1372,1372,0,1372,3,1,6,0,2,529
8750,5,6,1970,1002,1002,0,1002,3,1,5,0,2,902
10656,8,5,2006,1638,1646,0,1646,3,1,6,1,3,870
6970,4,5,1961,1040,1120,0,1120,3,1,5,0,2,544
14762,5,6,1948,0,1547,720,2320,2,1,7,1,2,672
9938,7,5,1993,1050,1062,887,1949,3,1,8,1,2,574
6600,5,5,1962,894,894,0,894,2,1,5,0,1,308
8750,6,5,1998,804,804,878,1682,3,1,7,0,2,523
8892,5,7,1953,105,910,0,910,3,1,5,0,2,414
12144,5,7,1949,832,1036,0,1268,3,1,6,1,1,288
5720,5,6,1941,676,676,455,1131,3,1,5,0,1,200
9000,8,5,2007,1184,1184,1426,2610,4,1,11,1,2,550
25286,4,5,1963,1064,1040,0,1040,3,1,5,0,2,648
8834,9,5,2004,1462,1462,762,2224,4,1,10,1,3,738
11782,5,7,1961,1109,1155,0,1155,3,1,6,0,2,576
7000,5,8,1978,864,864,0,864,3,1,6,0,1,336
7024,5,5,2005,1090,1090,0,1090,2,1,5,0,2,450
13758,7,5,1990,1156,1187,530,1717,3,1,7,1,2,400
9636,6,5,1992,808,808,785,1593,3,1,7,1,2,389
6204,4,5,1912,795,954,795,2230,5,1,10,0,1,440
7150,5,5,1967,892,892,0,892,3,1,5,0,1,288
5119,9,5,1999,1698,1709,0,1709,2,1,5,1,2,506
8393,5,5,1959,1626,1712,0,1712,4,2,8,0,2,588
16466,5,7,1955,816,872,521,1393,3,1,8,0,1,300
15865,8,6,1970,2217,2217,0,2217,4,1,8,1,2,621
12160,6,4,1953,1505,1505,0,1505,2,1,6,1,2,505
8064,5,7,1949,672,672,252,924,3,1,6,1,2,576
11184,6,5,1978,918,918,765,1683,3,1,7,1,2,440
8414,6,8,1963,1059,1068,0,1068,3,1,6,0,1,264
13284,5,5,1954,1383,1383,0,1383,3,1,6,1,1,354
7018,5,5,1979,0,1535,0,1535,4,2,8,0,2,400
7056,6,5,1963,780,983,813,1796,4,1,8,1,2,483
8765,4,6,1936,951,951,0,951,2,1,6,0,1,327
7018,5,5,1979,0,1120,1120,2240,6,2,12,0,2,528
12919,9,5,2009,2330,2364,0,2364,2,1,11,2,3,820
6993,5,7,1961,912,1236,0,1236,3,1,6,1,1,288
7340,4,6,1971,858,858,0,858,2,1,4,0,1,684
8712,5,7,1957,992,1306,0,1306,2,1,5,0,1,756
7875,7,5,2003,783,807,702,1509,3,1,8,1,2,393
14859,7,5,2006,1670,1670,0,1670,3,1,7,1,3,690
6173,5,6,1967,876,902,0,902,3,1,6,0,1,288
9920,5,5,1954,1056,1063,0,1063,3,1,6,0,1,280
13501,8,5,2006,1623,1636,0,1636,3,1,8,1,3,865
11500,7,7,1936,1017,1020,1037,2057,3,1,6,1,1,180
8885,5,5,1983,864,902,0,902,2,1,5,0,2,484
12589,6,5,2005,742,742,742,1484,3,1,8,1,2,390
11600,5,5,1960,1105,1105,1169,2274,5,2,12,0,2,480
9286,5,7,1977,1268,1268,0,1268,3,1,5,0,1,252
6120,5,7,1925,768,1015,0,1015,3,1,6,0,1,450
6270,5,6,1949,1001,1001,1001,2002,4,2,8,0,3,871
3000,6,5,2009,612,612,612,1224,2,1,4,0,2,528
2001,4,5,1970,546,546,546,1092,3,1,6,0,1,286
9000,2,3,1949,480,480,0,480,1,1,4,0,1,308
17140,4,6,1956,1134,1229,0,1229,3,1,6,0,1,284
13125,7,5,1991,1104,912,1215,2127,4,1,8,1,3,833
11029,6,8,1958,1184,1414,0,1414,3,1,6,1,2,601
8462,6,5,1994,928,936,785,1721,3,1,7,0,2,471
8777,5,7,1900,1272,1272,928,2200,4,2,9,0,0,0
10237,6,5,2005,1316,1316,0,1316,3,1,6,1,2,397
8012,6,5,1993,1604,1617,0,1617,2,1,5,1,2,533
10240,6,6,1980,1686,1686,0,1686,3,1,7,1,2,612
15611,5,6,1977,1126,1126,0,1126,3,1,6,0,2,540
11999,8,5,2003,1181,1234,1140,2374,4,1,10,1,3,656
9900,7,5,1968,832,1098,880,1978,4,1,9,1,2,486
11838,8,5,2001,1753,1788,0,1788,3,1,7,1,2,522
13006,7,5,1997,964,993,1243,2236,4,1,8,1,2,642
8925,8,5,2007,1466,1466,0,1466,3,1,7,0,3,610
9100,5,6,1965,925,925,0,925,2,1,5,0,1,429
11670,9,5,2006,1905,1905,0,1905,3,1,8,1,3,788
8487,7,5,2004,1500,1500,0,1500,3,1,6,0,2,570
27650,7,7,1960,585,2069,0,2069,4,1,9,1,2,505
5825,4,5,1926,600,747,0,747,1,1,5,0,2,528
10083,7,5,2003,1176,1200,0,1200,2,1,5,0,2,555
9675,7,5,2005,1113,1113,858,1971,3,1,8,1,2,689
8760,7,5,2006,1391,1391,571,1962,3,1,7,0,3,868
24090,7,7,1940,1032,1207,1196,2403,4,1,10,2,1,349
12640,6,5,1976,1728,1728,0,1728,4,2,8,0,2,574
8755,7,5,1999,992,1022,1038,2060,3,1,8,1,2,390
7711,4,3,1977,1440,1440,0,1440,4,2,8,0,0,0
25000,5,4,1967,1632,1632,0,1632,4,2,8,0,2,576
14375,6,6,1958,819,1344,0,1344,3,1,7,1,2,525
8820,5,6,1890,1088,1188,561,1869,2,1,7,0,2,456
8163,5,6,1959,1144,1144,0,1144,3,1,6,1,1,796
14536,8,5,2002,1616,1629,0,1629,3,1,9,1,3,808
14006,7,5,2002,936,936,840,1776,3,1,7,1,2,474
9360,6,7,1972,1161,1381,0,1381,3,1,5,1,2,676
7200,5,8,1950,864,864,0,864,3,1,5,0,2,720
7800,5,5,1965,828,965,0,965,3,1,6,0,1,300
7200,5,8,1972,768,768,0,768,2,1,5,0,1,396
11075,5,4,1969,784,1168,800,1968,4,1,7,1,2,530
9400,6,5,1975,945,980,0,980,4,0,4,0,0,0
7136,6,6,1946,979,979,979,1958,4,2,8,0,2,492
1300,6,6,1980,561,561,668,1229,2,1,5,1,2,462
7420,5,5,1962,1057,1057,0,1057,3,1,6,0,2,576
8450,7,5,2003,1337,1337,0,1337,3,1,6,0,2,531
2572,7,5,1999,696,696,720,1416,3,1,6,0,2,484
7207,5,7,1958,858,858,0,858,2,1,4,0,0,0
12227,6,7,1977,1330,1542,1330,2872,4,1,11,1,2,619
2308,6,6,1976,804,804,744,1548,3,1,7,1,2,440
11923,9,5,2007,1800,1800,0,1800,2,1,7,0,2,702
11316,7,5,2002,817,824,1070,1894,4,1,8,1,2,510
10237,6,5,2005,783,783,701,1484,3,1,8,1,2,393
9600,5,7,1940,728,976,332,1308,2,1,7,2,1,256
7390,5,7,1955,1098,1098,0,1098,3,1,6,0,1,260
5925,3,6,1910,600,600,368,968,2,1,6,0,0,0
10382,6,5,1958,588,1095,0,1095,2,1,6,0,1,264
10800,4,4,1949,720,720,472,1192,4,1,6,0,0,0
2268,7,5,2003,764,764,862,1626,2,1,6,0,2,474
7892,6,5,1979,918,918,0,918,2,1,5,1,1,264
11639,7,5,2007,1428,1428,0,1428,3,1,6,0,2,480
11414,7,8,1910,728,1136,883,2019,3,1,8,0,2,532
2651,7,5,2000,673,673,709,1382,3,1,6,0,2,490
5900,4,7,1923,440,869,0,869,2,1,4,0,0,0
4274,7,5,2006,1241,1241,0,1241,1,1,4,0,2,569
9450,4,5,1954,894,894,0,894,3,1,5,0,2,400
8816,5,6,1963,1121,1121,0,1121,3,1,5,0,2,480
12122,7,9,1961,944,999,0,999,3,1,6,0,2,588
12203,8,5,1998,1225,1276,1336,2612,4,1,8,1,3,676
3182,7,5,2007,1266,1266,0,1266,2,1,6,1,2,388
11250,8,5,2002,1128,1149,1141,2290,4,1,9,1,2,779
10125,5,5,1977,0,1302,432,1734,4,2,8,0,2,539
10880,5,5,1950,1164,1164,0,1164,3,1,5,0,1,240
5310,6,8,1910,485,1001,634,1635,2,1,5,0,1,255
10159,9,5,2009,1930,1940,0,1940,3,1,8,1,3,606
12046,6,6,1976,848,1118,912,2030,4,1,8,1,2,551
8125,7,5,2006,770,778,798,1576,3,1,6,0,2,614
9452,8,5,1997,1396,1407,985,2392,3,1,7,1,3,870
17671,8,9,1882,916,916,826,1742,4,1,8,1,2,424
9760,6,8,1964,822,1020,831,1851,3,1,7,1,2,440
8846,6,5,2005,750,750,750,1500,3,1,6,0,2,564
12456,10,5,2006,1700,1718,0,1718,3,1,7,1,3,786
4712,4,7,1946,747,774,456,1230,3,1,5,0,1,305
10659,5,6,1961,1050,1050,0,1050,3,1,6,0,1,368
11717,6,6,1970,1442,1442,0,1442,2,1,6,1,2,615
9786,3,4,1922,1007,1077,0,1077,3,1,6,1,1,210
6762,7,5,2006,1187,1208,0,1208,2,1,6,0,2,632
10206,3,3,1952,0,944,0,944,2,1,4,0,2,528
5400,5,6,1920,691,691,0,691,2,1,4,0,1,216
11957,8,5,2006,1574,1574,0,1574,3,1,7,1,3,824
11500,5,6,1976,1680,1680,0,1680,4,2,8,0,2,528
3182,7,5,2005,1346,1504,0,1504,1,1,7,1,2,457
8385,5,8,1977,985,985,0,985,3,1,6,0,1,328
12155,6,3,1970,1657,1657,0,1657,3,1,7,1,2,484
2217,4,4,1970,546,546,546,1092,3,1,6,0,1,286
12118,7,5,2004,1710,1710,0,1710,3,1,7,1,2,550
6000,5,5,1926,1008,1008,0,1522,4,1,7,0,0,0
21286,5,5,1948,720,720,551,1271,4,1,7,1,1,312
9825,5,5,1965,0,1664,0,1664,4,2,8,0,0,0
10592,6,7,1923,602,900,602,1502,3,1,7,2,1,180
7200,5,4,1910,1022,1022,0,1022,2,1,4,0,1,280
11664,6,5,1948,1082,1082,0,1082,2,1,5,1,1,240
8400,8,6,2001,810,810,855,1665,3,1,6,0,2,528
11883,7,5,1996,1504,1504,0,1504,3,1,6,1,2,478
5814,8,5,1984,1220,1360,0,1360,1,1,4,1,2,565
10784,7,5,1991,384,802,670,1472,3,1,7,1,2,402
3013,7,5,2005,1362,1506,0,1506,2,1,6,1,2,440
7024,4,5,2005,1132,1132,0,1132,2,1,5,0,2,451
7406,7,5,2006,1199,1220,0,1220,2,1,6,0,2,632
9439,5,5,1930,912,912,336,1248,2,1,6,0,1,160
3182,7,5,2005,1346,1504,0,1504,2,1,7,1,2,437
15498,8,6,1976,1565,2898,0,2898,2,1,10,1,2,665
7700,5,5,1972,882,882,0,882,3,1,5,0,2,461
9300,5,5,1960,1268,1264,0,1264,3,1,6,2,2,461
9520,8,5,2007,1638,1646,0,1646,3,1,7,1,3,800
9492,5,5,1941,768,968,408,1376,3,1,6,1,1,240
1680,6,7,1972,672,672,546,1218,3,1,7,0,1,264
7082,5,8,1916,686,948,980,1928,5,2,10,0,0,0
15863,7,3,1920,824,1687,998,3082,5,1,12,2,2,672
14541,8,7,1993,1338,1352,1168,2520,5,1,10,1,3,796
8125,7,5,2002,1654,1654,0,1654,3,1,6,0,3,900
6305,5,7,1938,920,954,0,954,2,1,5,1,1,240
11500,4,3,1957,0,845,0,845,3,1,5,0,1,290
12898,9,5,2007,1620,1620,0,1620,2,1,6,1,3,912
9240,8,5,2001,1055,1055,1208,2263,3,1,7,1,2,905
1533,4,6,1970,546,798,546,1344,3,1,6,1,0,0
1477,4,4,1970,630,630,0,630,1,1,3,0,1,286
13125,5,4,1957,1134,1803,0,1803,3,1,8,1,2,484
9130,6,8,1966,800,800,832,1632,4,1,7,0,2,484
5381,6,5,2005,1306,1306,0,1306,1,1,5,1,2,624
11839,7,5,1990,1475,1532,797,2329,4,1,10,1,2,514
9600,8,5,1981,2524,2524,0,2524,4,1,9,1,2,542
13680,3,5,1955,0,1733,0,1733,4,1,8,1,2,452
16056,9,5,2005,1992,1992,876,2868,4,1,11,1,3,716
9245,5,5,1994,990,990,0,990,3,1,5,0,2,672
21750,5,4,1960,0,1771,0,1771,3,1,9,1,2,336
11100,4,7,1946,0,930,0,930,2,1,6,0,1,308
8993,7,5,2007,1302,1302,0,1302,3,1,6,0,2,436
11175,7,5,2007,1316,1316,0,1316,3,1,6,1,2,440
9500,6,6,1964,816,1127,850,1977,4,1,9,1,2,540
8562,5,6,1957,1216,1526,0,1526,4,1,7,1,1,364
11367,8,5,2002,1065,1091,898,1989,3,1,7,1,2,586
11361,6,5,1976,1193,1523,0,1523,3,1,7,1,2,478
7052,7,5,2005,1364,1364,0,1364,2,1,6,1,2,484
29959,7,6,1994,973,979,871,1850,3,1,7,1,2,467
11308,9,5,2008,1104,1130,1054,2184,3,1,10,1,3,836
11275,6,7,1932,854,1096,895,1991,3,1,7,1,2,432
4920,8,5,2001,1338,1338,0,1338,2,1,6,0,2,582
18000,3,4,1935,894,894,0,894,2,1,6,0,3,1248
13600,5,5,1900,662,1422,915,2337,5,2,10,0,2,560
6000,6,6,1925,1103,1103,0,1103,2,1,5,1,2,440
11000,5,6,1966,1154,1154,0,1154,3,1,6,1,2,480
14000,7,5,1996,1306,1306,954,2260,3,1,7,0,2,533
7837,6,7,1993,799,799,772,1571,3,1,7,1,2,380
9760,6,6,1964,780,798,813,1611,4,1,7,0,2,442
3964,6,4,1973,942,1291,1230,2521,5,1,10,1,2,576
9600,5,7,1949,845,893,0,893,2,1,4,0,2,576
10152,5,5,1956,1048,1048,0,1048,3,1,6,0,1,286
11700,6,6,1968,727,829,727,1556,4,1,8,0,2,441
7585,5,3,1948,810,1002,454,1456,4,1,7,1,1,280
7950,6,6,1977,690,698,728,1426,3,1,6,0,2,440
8556,7,5,2006,1240,1240,0,1240,2,1,5,0,3,826
13125,7,6,1940,800,960,780,1740,3,1,6,2,1,240
10800,5,8,1936,796,1096,370,1466,3,1,7,1,2,566
15870,5,5,1969,1096,1096,0,1096,3,1,6,0,1,299
4435,6,5,2004,848,848,0,848,1,1,3,1,2,420
8775,5,5,1994,990,990,0,990,3,1,5,0,1,299
11040,6,7,1971,1258,1258,0,1258,3,1,5,0,2,528
7500,5,5,1963,1040,1040,0,1040,3,1,5,0,1,308
8749,7,5,2002,1459,1459,0,1459,3,1,6,1,2,527
8800,6,6,1964,1251,1251,0,1251,3,1,6,2,1,461
13031,6,5,1995,691,691,807,1498,3,1,6,1,2,409
9069,6,6,1992,936,996,0,996,2,1,5,0,2,564
1974,4,5,1973,546,546,546,1092,3,1,6,0,1,286
10574,8,5,2005,1082,1082,871,1953,3,1,9,1,3,1043
2522,7,5,2004,970,970,739,1709,3,1,7,0,2,380
3316,8,5,2005,1247,1247,0,1247,1,1,4,1,2,550
8544,3,4,1950,0,1040,0,1040,2,2,6,0,2,400
2160,7,5,1999,600,624,628,1252,2,1,4,0,2,462
8400,6,5,1925,1181,1390,304,1694,4,1,7,1,2,576
9230,5,8,1965,864,1200,0,1200,1,1,6,0,2,884
5868,5,7,1956,936,936,0,936,2,1,4,0,1,308
9317,6,5,2006,1314,1314,0,1314,3,1,6,1,2,440
6882,6,7,1914,684,773,582,1355,3,1,7,0,0,0
3696,8,5,1986,1074,1088,0,1088,2,1,5,0,2,461
6000,4,6,1936,672,757,567,1324,3,1,6,0,1,240
11880,7,5,1978,1271,1601,0,1601,3,1,7,1,2,478
8400,2,5,1920,290,438,0,438,1,1,3,0,1,246
9758,5,5,1971,950,950,0,950,3,1,5,0,1,280
7000,5,7,1960,1010,1134,0,1134,2,1,6,0,1,254
8910,6,6,1959,655,1194,0,1194,3,1,6,1,2,539
2016,5,5,1970,630,630,672,1302,3,1,6,0,2,440
12256,8,5,1994,1463,1500,1122,2622,3,1,9,2,2,712
10357,7,5,1990,910,1442,0,1442,3,1,6,1,2,719
23257,7,5,2006,868,887,1134,2021,3,1,9,1,2,422
8063,6,5,2000,924,948,742,1690,3,1,7,1,2,463
11362,8,5,2004,1836,1836,0,1836,3,1,7,1,3,862
8000,6,5,1995,773,773,885,1658,3,1,8,1,2,431
10480,7,6,1976,803,1098,866,1964,4,1,8,1,2,483
7100,5,7,1957,816,816,0,816,2,1,5,0,1,308
8923,5,7,1953,1008,1008,0,1008,2,1,6,0,1,240
5400,5,7,1954,833,833,0,833,2,1,4,0,1,326
12085,8,5,2007,1734,1734,0,1734,3,1,7,1,3,928
7750,8,5,2002,408,779,640,1419,3,1,7,1,2,527
9764,5,7,1967,894,894,0,894,3,1,5,0,2,450
13825,5,6,1958,533,1021,580,1601,3,1,6,0,1,300
7560,5,5,1959,1040,1040,0,1040,3,1,6,0,1,286
8263,6,5,1920,1012,1012,0,1012,2,1,6,1,1,308
10084,7,5,2005,1552,1552,0,1552,3,1,7,0,3,782
8926,4,3,1956,672,960,0,960,3,1,5,0,1,288
9405,5,9,1947,698,698,0,698,2,1,4,0,0,0
9125,7,5,1992,384,812,670,1482,3,1,7,1,2,392
10434,4,5,1955,1005,1005,0,1005,2,1,5,1,2,672
3684,7,5,2007,1373,1555,0,1555,2,1,7,1,3,660
14572,7,5,2004,1530,1530,0,1530,3,1,7,1,3,630
11796,7,5,2004,847,847,1112,1959,4,1,8,1,2,434
7200,5,5,1980,936,936,0,936,2,1,4,0,2,672
7804,4,3,1928,1122,1328,653,1981,4,1,7,2,2,576
10712,5,5,1991,974,974,0,974,3,1,5,0,0,0
9900,6,4,1880,1008,1178,1032,2210,5,1,8,0,1,205
9828,8,5,1995,1128,1142,878,2020,3,1,8,1,2,466
8773,6,5,1997,916,916,684,1600,3,1,7,1,2,460
6180,6,5,1926,960,986,0,986,2,1,5,1,1,180
9600,6,5,1950,1032,1032,220,1252,3,1,6,0,1,288
6342,5,8,1875,780,780,240,1020,2,1,6,0,0,0
9819,6,5,1977,1567,1567,0,1567,2,1,5,2,2,714
8731,5,5,1920,915,1167,0,1167,3,1,6,1,2,495
7350,5,7,1951,952,952,0,952,2,1,4,0,2,840
10304,5,7,1976,780,1088,780,1868,4,1,9,1,2,484
9965,8,5,2006,1466,1466,1362,2828,4,1,11,1,3,1052
9000,5,3,1959,1006,1006,0,1006,3,1,5,0,0,0
12180,4,4,1941,672,672,252,924,2,1,5,0,1,280
6240,5,6,1928,1042,1042,534,1576,3,1,8,1,1,225
11200,6,5,1985,1298,1298,0,1298,3,1,5,1,2,403
12000,7,7,1941,704,860,704,1564,3,1,7,1,1,234
5700,7,7,1926,572,572,539,1111,2,1,5,1,1,288
9000,7,9,1920,650,832,650,1482,3,1,7,0,2,324
8280,6,5,1950,932,932,0,932,2,1,4,1,1,306
17755,5,4,1959,1466,1466,0,1466,3,1,6,2,2,528
14115,6,7,1956,1073,1811,0,1811,2,1,6,1,2,470
5890,6,8,1930,816,816,0,816,2,1,5,0,1,432
13700,7,6,1965,864,902,918,1820,4,1,8,2,2,492
10768,5,8,1976,1437,1437,0,1437,3,1,6,1,2,528
9350,5,8,1965,1219,1265,0,1265,3,1,6,1,2,502
5001,7,5,2007,1314,1314,0,1314,2,1,6,1,2,626
11932,8,5,2007,1580,1580,0,1580,3,1,7,0,3,830
9120,6,6,1974,901,943,933,1876,4,1,8,1,2,540
2280,6,5,1978,855,855,601,1456,3,1,7,1,2,440
14778,6,7,1954,1296,1640,0,1640,3,1,7,1,2,924
8724,5,5,1968,894,894,0,894,3,1,5,1,2,450
12900,4,4,1969,1198,1258,0,1258,0,2,6,0,2,400
16157,5,7,1978,1360,1432,0,1432,2,1,5,1,2,588
9541,7,5,2009,1502,1502,0,1502,3,1,7,0,2,644
10475,8,5,2008,1694,1694,0,1694,3,1,7,0,3,776
10852,6,5,2000,959,959,712,1671,3,1,7,1,2,472
13728,6,7,1935,1127,1236,872,2108,4,1,7,2,2,540
35760,10,5,1995,1930,1831,1796,3627,4,1,10,1,3,807
9880,6,6,1977,1096,1118,0,1118,3,1,6,1,1,358
9120,6,6,1958,1261,1261,0,1261,3,1,6,1,2,433
4017,7,5,2006,625,625,625,1250,2,1,5,0,2,625
18030,5,6,1946,1598,1636,971,3086,3,1,12,1,0,0
16560,6,8,1932,952,1170,1175,2345,4,1,9,1,2,360
10678,8,5,1992,1683,2129,743,2872,4,1,9,1,2,541
6951,5,5,1984,876,923,0,923,3,1,5,0,1,264
3950,6,8,1926,818,818,406,1224,3,1,5,0,1,210
7681,5,6,1921,731,820,523,1343,3,1,7,1,1,186
8335,5,5,1954,0,1124,0,1124,3,1,5,1,0,0
11170,7,5,1990,1216,1298,1216,2514,4,1,8,0,2,693
5587,8,5,2008,1600,1652,0,1652,2,1,5,1,2,482
15623,10,5,1996,2396,2411,2065,4476,4,1,10,2,3,813
10800,5,6,1920,1120,1130,0,1130,2,1,5,1,2,720
35133,5,4,1963,1572,1572,0,1572,3,1,5,2,3,995
9738,5,7,1924,784,949,272,1221,4,1,7,0,1,392
10615,3,5,1900,978,1014,685,1699,3,2,7,0,2,420
12461,8,5,1994,1624,1624,0,1624,2,1,5,1,3,757
8935,7,5,2002,831,831,829,1660,3,1,7,0,2,493
7500,7,5,1999,994,1028,776,1804,3,1,7,1,2,442
32463,4,4,1961,1249,1622,0,1622,3,1,7,1,4,1356
2645,8,5,1999,776,764,677,1441,2,1,5,0,2,492
9600,5,8,1925,702,842,630,1472,3,1,6,0,1,250
4500,6,5,1999,1224,1224,0,1224,2,1,5,0,2,402
9364,6,7,1969,663,663,689,1352,4,1,7,0,1,299
8029,6,5,2005,728,728,728,1456,3,1,8,0,2,400
14054,7,5,2006,879,879,984,1863,4,1,9,1,3,660
8850,7,6,1916,815,815,875,1690,3,1,7,1,1,225
9100,7,5,2001,1212,1212,0,1212,3,1,6,0,2,573
11235,4,5,1963,1051,1382,0,1382,3,1,6,1,2,459
9353,4,5,1970,864,864,0,864,3,1,5,0,1,280
10400,7,5,1998,866,866,913,1779,3,1,6,0,2,546
6000,5,8,1925,884,884,464,1348,3,1,5,1,1,216
9750,7,5,2000,1630,1630,0,1630,3,1,6,1,2,451
10140,5,6,1975,1056,1074,0,1074,3,1,6,0,2,495
14684,7,7,1990,2158,2196,0,2196,3,1,7,1,3,701
8900,4,4,1966,1056,1056,0,1056,2,1,5,0,1,384
9135,6,5,2003,1682,1700,0,1700,3,1,7,0,2,544
7763,5,7,1962,931,1283,0,1283,3,1,6,0,2,506
10182,8,5,2006,1660,1660,0,1660,3,1,8,1,2,500
11218,6,5,1992,1055,1055,790,1845,3,1,8,1,2,462
12134,8,7,1988,559,1080,672,1752,4,1,8,0,2,492
9340,4,6,1941,672,672,0,672,2,1,4,0,1,234
10246,4,9,1965,648,960,0,960,0,1,3,0,1,364
10205,5,5,1962,925,999,0,999,3,1,6,0,1,300
7094,5,5,1966,894,894,0,894,3,1,5,0,1,384
8930,6,5,1978,0,1318,584,1902,4,2,8,0,2,539
8640,8,5,2009,1300,1314,0,1314,3,1,6,0,2,552
6240,4,5,1947,0,672,240,912,2,1,3,0,0,0
1680,6,5,1971,672,672,546,1218,3,1,7,0,0,0
7800,5,5,1964,912,912,0,912,2,1,5,0,1,288
8250,5,5,1968,952,1211,0,1211,3,1,5,1,1,322
10496,6,6,1949,1040,1168,678,1846,3,1,7,1,1,315
10680,5,3,1951,2136,2136,0,2136,4,1,7,0,2,528
15384,7,5,2004,788,788,702,1490,3,1,8,1,2,388
10482,6,8,1958,588,1138,0,1138,3,1,6,0,1,264
14598,6,5,2007,894,894,1039,1933,4,1,9,1,3,668
8872,5,8,1965,912,912,0,912,2,1,5,0,2,576
8769,9,5,2008,1702,1702,0,1702,1,1,7,1,3,1052
7910,5,5,1960,1075,1507,0,1507,4,1,7,0,1,404
18890,5,5,1977,1361,1361,1259,2620,4,2,12,1,2,600
7728,5,6,1962,1106,1190,0,1190,3,1,6,0,2,540
9842,4,5,1962,0,1224,0,1224,2,2,6,0,2,462
12160,5,5,1959,1188,1188,0,1188,3,1,6,0,2,531
8525,5,6,1911,940,1024,940,1964,4,1,7,0,0,0
13132,5,5,1914,747,892,892,1784,4,1,9,0,1,180
2628,7,5,2003,764,764,862,1626,2,1,6,0,2,474
12393,7,5,2004,847,847,1101,1948,4,1,8,1,2,434
13072,6,5,2005,1141,1141,0,1141,3,1,6,0,2,484
9037,8,5,2006,1476,1484,0,1484,2,1,6,1,2,472
8158,7,5,2003,884,884,884,1768,3,1,8,0,2,543
9849,7,6,2007,1689,1689,0,1689,3,1,7,0,3,954
10625,7,6,1974,1053,1173,0,1173,3,1,6,2,2,528
13891,10,5,2006,2076,2076,0,2076,2,1,7,1,3,850
11435,8,7,1929,792,792,725,1517,3,1,7,2,2,400
12090,6,7,1984,585,1140,728,1868,3,1,7,1,2,477
8125,7,5,2005,756,756,797,1553,3,1,6,0,2,615
12328,6,5,1976,1012,1034,0,1034,3,1,6,0,3,888
9600,6,5,1917,735,1134,924,2058,3,1,8,1,2,396
7200,5,7,1950,876,988,0,988,3,1,6,0,1,276
11160,7,5,1968,2110,2110,0,2110,3,1,8,2,2,522
3136,7,5,2003,1405,1405,0,1405,2,1,6,1,2,478
9858,5,6,1968,864,874,0,874,3,1,5,0,1,288
17542,7,7,1974,1192,1516,651,2167,3,1,9,2,2,518
6931,7,5,2003,746,760,896,1656,3,1,7,1,2,397
6240,6,6,1931,884,959,408,1367,3,1,6,1,1,560
14303,8,5,1994,1986,1987,0,1987,2,1,7,1,2,691
4060,5,8,1922,864,864,0,864,2,1,4,0,0,0
9587,7,5,2005,856,1166,0,1166,2,1,5,0,2,400
9750,6,8,1969,1054,1054,0,1054,3,1,6,0,2,460
24682,6,5,1999,841,892,783,1675,3,1,7,1,2,502
9600,5,6,1956,1050,1050,0,1050,2,1,5,0,1,338
11250,4,5,1957,1104,1104,684,1788,5,1,8,2,1,304
13515,6,6,1919,764,1060,764,1824,3,1,8,1,2,520
4060,6,5,1998,1405,1337,0,1337,2,1,5,0,2,511
3735,7,5,1999,691,713,739,1452,3,1,6,0,2,506
10120,7,4,1910,925,964,925,1889,4,2,9,1,1,308
13214,9,5,2008,2002,2018,0,2018,3,1,10,1,3,746
14100,8,9,1935,728,1968,1479,3447,4,1,11,2,3,1014
11344,5,5,1958,874,874,650,1524,3,1,7,0,1,315
23595,7,6,1979,1332,1332,192,1524,0,1,4,1,2,586
9156,6,7,1968,1489,1489,0,1489,3,1,7,1,2,462
13526,5,6,1965,935,935,0,935,3,1,5,0,1,288
11512,6,7,1959,1019,1357,0,1357,2,1,5,1,1,312
5362,5,6,1910,661,661,589,1250,3,1,8,1,2,552
11345,5,5,1948,928,928,992,1920,4,2,10,0,2,400
12936,6,6,1972,723,735,660,1395,3,1,6,1,2,497
17871,6,5,1967,1680,1724,0,1724,3,1,7,1,2,480
9473,8,5,2002,1128,1128,903,2031,3,1,7,1,2,577
7500,4,4,1920,698,698,430,1128,2,1,6,0,2,528
9808,7,5,2002,1573,1573,0,1573,3,1,6,0,2,544
8049,7,5,1990,1309,1339,0,1339,2,1,6,1,2,484
8800,5,7,1977,1040,1040,0,1040,3,1,5,0,2,484
9400,6,5,1971,912,912,912,1824,4,2,8,0,0,0
9638,6,7,1919,804,1699,748,2447,4,1,10,1,1,336
6000,6,6,1939,780,825,587,1412,4,1,6,1,1,280
9790,6,5,1963,1328,1328,0,1328,3,1,6,2,2,528
36500,5,5,1964,1624,1582,0,1582,4,1,7,0,2,390
5664,8,5,2000,1501,1659,0,1659,2,1,5,1,2,499
11065,8,5,2006,1085,1120,850,1970,3,1,8,1,3,753
14112,5,7,1964,1152,1152,0,1152,3,1,6,1,2,484
1680,5,7,1972,630,630,672,1302,3,1,6,0,1,264
6600,5,4,1892,994,1378,994,2372,4,2,11,0,1,432
10140,7,5,1976,832,832,832,1664,4,1,8,1,2,528
8172,5,7,1955,864,864,0,864,2,1,5,0,2,572
8400,5,5,1968,1052,1052,0,1052,3,1,5,0,1,288
8700,5,6,1963,1120,1128,0,1128,3,1,6,0,2,525
3675,6,5,2005,547,1072,0,1072,2,1,5,0,2,525
63887,10,5,2008,6110,4692,950,5642,3,1,12,3,2,1418
7500,5,7,1959,1246,1246,0,1246,3,1,6,0,1,305
10762,7,5,1999,978,1005,978,1983,3,1,9,1,2,490
7500,6,7,1942,771,753,741,1494,3,1,7,2,1,213
10120,8,5,1994,1165,1203,1323,2526,4,1,8,1,3,844
8688,7,5,2005,1616,1616,0,1616,3,1,7,0,3,834
3363,7,5,2004,976,976,732,1708,3,1,7,0,2,380
13173,9,5,2006,1652,1652,0,1652,2,1,6,2,2,840
6955,7,5,2005,1368,1368,0,1368,2,1,6,1,2,474
8072,5,5,1994,990,990,0,990,3,1,5,0,2,480
12000,5,7,1948,924,1122,0,1122,2,1,6,0,2,528
7153,6,5,1991,1278,1294,0,1294,3,1,6,0,2,496
17500,7,8,1959,1902,1902,0,1902,3,1,7,2,2,567
8814,7,5,2005,1274,1274,0,1274,3,1,6,0,2,508
9572,8,5,1990,1453,1453,1357,2810,4,1,9,1,2,750
14774,9,5,1999,1393,1422,1177,2599,4,1,10,1,3,779
8190,4,6,1954,948,948,0,948,3,1,5,1,1,280
11075,6,5,1969,952,1092,1020,2112,4,1,9,2,2,576
10226,8,5,2008,1622,1630,0,1630,3,1,8,1,3,860
4230,7,5,2006,1352,1352,0,1352,2,1,5,1,2,466
14781,8,5,2001,1753,1787,0,1787,3,1,7,1,3,748
10215,4,5,1954,864,948,0,948,3,1,5,0,1,248
8400,6,3,1957,1478,1478,0,1478,3,1,6,2,2,442
6627,3,6,1949,0,720,0,720,2,1,4,0,1,287
10186,7,5,1992,750,1061,862,1923,3,1,8,1,2,564
5330,4,7,1940,420,708,0,708,2,1,5,0,0,0
9986,8,5,2006,1795,1795,0,1795,2,1,7,1,3,895
3636,4,4,1922,796,796,0,796,2,1,5,0,0,0
4270,3,6,1931,544,774,0,774,3,1,6,0,0,0
6600,5,9,1982,816,816,0,816,3,1,5,1,1,264
10440,6,7,1920,1510,1584,1208,2792,5,1,8,2,2,520
9084,7,5,1998,935,955,677,1632,3,1,8,1,2,462
10000,8,5,2006,1588,1588,0,1588,3,1,7,1,3,825
10780,5,5,1976,911,954,0,954,3,1,6,0,2,576
8877,4,6,1938,816,816,0,816,2,1,3,1,1,288
7200,5,6,1938,803,803,557,1360,2,1,6,0,1,297
2368,5,6,1970,765,765,600,1365,3,1,7,0,2,440
9650,6,5,1977,1350,1334,0,1334,2,1,6,1,2,630
9246,5,5,1973,1656,1656,0,1656,4,2,8,0,2,506
4118,4,4,1941,693,693,0,693,2,1,4,0,0,0
13450,7,5,2002,916,920,941,1861,3,1,8,0,2,492
9560,5,7,1972,864,864,0,864,3,1,5,0,1,288
8294,4,5,1971,858,872,0,872,3,1,5,0,4,480
13695,6,5,2003,1114,1114,0,1114,3,1,6,0,2,576
9375,8,5,2002,1284,1284,885,2169,3,1,7,1,2,647
7558,6,6,1928,896,1172,741,1913,3,1,9,1,2,342
11103,7,5,2006,728,728,728,1456,3,1,8,1,2,440
6000,4,4,1920,960,960,0,960,2,1,5,0,1,308
20781,7,7,1968,1568,2156,0,2156,3,1,9,1,2,508
15306,8,5,2006,1732,1776,0,1776,3,1,7,1,3,712
16196,7,5,1998,1482,1494,0,1494,3,1,5,1,2,514
5250,8,5,1872,684,938,1215,2358,4,1,8,0,0,0
11643,5,5,1969,1248,1338,1296,2634,6,2,12,0,4,968
9247,6,6,1962,858,858,858,1716,4,1,8,1,2,490
6000,6,9,1937,698,786,390,1176,2,1,4,0,2,624
14720,8,5,1995,2033,2053,1185,3238,4,1,9,1,3,666
10316,7,5,2000,992,992,873,1865,3,1,7,1,3,839
10192,7,6,1968,570,1222,698,1920,4,1,8,1,2,487
9477,5,5,1966,864,892,0,892,3,1,5,0,1,264
12537,5,6,1971,1078,1078,0,1078,3,1,6,1,2,500
2117,6,5,2000,756,769,804,1573,3,1,5,0,2,440
16737,9,5,2004,1980,1980,0,1980,3,1,8,1,3,770
9842,5,6,1921,612,990,1611,2601,4,1,8,0,2,621
16158,7,5,2005,1530,1530,0,1530,3,1,7,1,2,430
12513,4,4,1920,715,1281,457,1738,4,1,7,1,1,368
8499,6,5,2006,616,616,796,1412,3,1,6,1,2,432
3180,7,5,2005,600,520,600,1200,2,1,4,0,2,480
7500,7,5,2000,814,814,860,1674,3,1,7,0,2,663
9179,7,5,1999,873,882,908,1790,3,1,7,0,2,588
2665,5,6,1977,757,925,550,1475,4,1,6,1,1,336
4435,6,5,2003,848,848,0,848,1,1,4,0,2,420
10635,8,5,2003,1657,1668,0,1668,3,1,8,1,2,502
5400,4,6,1920,840,840,534,1374,2,1,6,0,1,338
9600,6,6,1955,992,1661,0,1661,3,1,8,1,1,377
9750,7,6,1998,1108,1108,989,2097,3,1,8,1,2,583
11400,10,5,2001,2633,2633,0,2633,2,1,8,2,3,804
10625,7,5,2005,1026,1026,932,1958,3,1,9,1,3,936
10991,8,5,2007,1571,1571,0,1571,3,1,7,1,3,722
6292,6,5,1930,768,790,0,790,2,1,4,0,1,160
10998,5,5,1941,984,984,620,1604,3,1,6,0,2,660
1953,6,5,1973,483,483,504,987,2,1,5,0,1,264
9735,5,5,2006,384,754,640,1394,3,1,7,0,2,400
8212,3,3,1914,864,864,0,864,2,1,5,0,1,200
12925,6,7,1970,1205,2117,0,2117,4,1,7,2,2,550
7200,7,7,1920,596,998,764,1762,4,1,8,0,2,576
25339,5,7,1918,816,1416,0,1416,3,1,7,0,2,576
9060,6,5,1939,560,698,560,1258,2,1,6,0,1,280
5436,4,8,1922,796,796,358,1154,3,1,7,0,1,240
16692,7,5,1978,1392,1392,1392,2784,5,1,12,2,2,564
8520,6,7,1916,714,1664,862,2526,5,1,10,1,1,216
14892,9,5,2006,1746,1746,0,1746,3,1,7,2,3,758
6000,6,6,1941,735,869,349,1218,3,1,6,1,2,440
9100,7,5,2000,1525,1525,0,1525,3,1,6,0,2,541
8944,5,5,1967,1584,1584,0,1584,4,2,8,0,3,792
7838,5,5,1967,864,900,0,900,3,1,6,1,1,288
10800,6,7,1905,482,1221,691,1912,3,2,7,1,2,672
4045,7,5,2006,1356,1500,0,1500,2,1,6,1,3,648
12665,8,5,2005,1094,1133,1349,2482,4,1,9,1,3,642
57200,5,5,1948,747,1687,0,1687,3,1,7,2,2,572
6120,5,8,1920,939,939,574,1513,4,1,8,0,1,180
7200,5,4,1950,1208,1136,768,1904,3,1,7,0,1,240
6171,6,6,1925,976,1160,448,1608,3,1,7,1,1,216
6000,6,7,1929,862,950,208,1158,3,1,5,1,1,208
7415,6,5,2004,839,864,729,1593,3,1,8,1,2,398
6762,7,5,2006,1286,1294,0,1294,2,1,6,1,2,662
15256,8,5,2007,1485,1464,0,1464,3,1,6,0,3,754
10410,3,4,1915,672,694,520,1214,3,1,6,0,3,936
3842,8,5,2004,1594,1646,0,1646,2,1,5,1,2,482
8445,5,7,1972,768,768,0,768,2,1,5,0,2,396
8780,5,5,1985,833,833,0,833,3,1,5,0,0,0
7740,4,7,1910,622,741,622,1363,3,1,6,0,2,528
20544,7,6,1986,791,1236,857,2093,3,1,7,1,2,542
12420,7,5,2001,944,944,896,1840,3,1,6,0,2,622
9600,6,8,1950,856,1112,556,1668,3,1,6,0,1,271
7200,4,5,1949,0,1040,0,1040,2,2,6,0,2,420
10994,8,5,2005,1844,1844,0,1844,2,1,7,1,2,620
13053,6,7,1923,833,1053,795,1848,4,1,8,1,2,370
3635,7,5,2007,1386,1569,0,1569,1,1,7,1,3,660
11340,4,6,1885,777,1246,1044,2290,4,2,11,0,2,560
16545,8,5,1998,1284,1310,1140,2450,3,1,7,1,3,1069
9204,5,5,1963,1144,1144,0,1144,3,1,6,0,1,336
16381,6,5,1969,1844,1844,0,1844,3,1,7,1,2,540
11700,6,6,1968,708,708,708,1416,3,1,7,1,2,776
4043,6,5,1977,1069,1069,0,1069,2,1,4,1,2,440
4435,6,5,2003,848,848,0,848,1,1,3,0,2,420
19690,6,7,1966,697,1575,626,2201,4,1,8,1,2,432
9503,5,5,1958,1024,1344,0,1344,2,1,6,1,1,484
10721,6,6,1959,1252,1252,0,1252,3,1,7,0,2,528
10944,7,5,1994,1223,1223,904,2127,3,1,5,2,2,525
10930,5,6,1945,913,1048,510,1558,3,1,6,1,1,288
7200,5,7,1940,788,804,0,804,2,1,4,2,1,240
12546,6,7,1981,1440,1440,0,1440,3,1,7,1,2,467
21930,5,5,2005,732,734,1104,1838,4,1,7,1,2,372
4928,6,6,1976,958,958,0,958,2,1,5,0,2,440
10800,4,6,1927,656,968,0,968,4,1,5,0,1,216
10261,6,5,2000,936,962,830,1792,3,1,8,1,2,451
17400,5,5,1977,1126,1126,0,1126,3,1,5,1,2,484
8400,6,9,1962,1319,1537,0,1537,3,1,7,1,2,462
9000,4,6,1971,864,864,0,864,3,1,5,0,2,528
12444,8,5,2008,1932,1932,0,1932,2,1,7,1,3,774
7407,6,7,1957,912,1236,0,1236,2,1,6,0,2,923
11584,7,6,1979,539,1040,685,1725,3,1,6,1,2,550
11526,6,7,1922,588,1423,748,2555,3,1,11,1,2,672
4426,6,5,2004,848,848,0,848,1,1,3,1,2,420
11003,10,5,2008,1017,1026,981,2007,3,1,10,1,3,812
8854,6,6,1916,952,952,0,952,2,1,4,1,1,192
8500,7,5,2004,1422,1422,0,1422,3,1,7,0,2,626
8400,6,5,1966,814,913,0,913,3,1,6,0,1,240
26142,5,7,1962,1188,1188,0,1188,3,1,6,0,1,312
10000,8,5,1995,1220,1220,870,2090,3,1,8,1,2,556
11767,4,7,1910,560,796,550,1346,2,1,6,0,1,384
1533,5,7,1970,630,630,0,630,1,1,3,0,0,0
9000,5,5,1974,896,896,896,1792,4,2,8,0,0,0
9262,8,5,2008,1573,1578,0,1578,3,1,7,1,3,840
3675,5,5,2005,547,1072,0,1072,2,1,5,0,2,525
17217,5,5,2006,1140,1140,0,1140,3,1,6,0,0,0
7500,7,5,2004,1221,1221,0,1221,2,1,6,0,2,400
7917,6,5,1999,953,953,694,1647,3,1,7,1,2,460
13175,6,6,1978,1542,2073,0,2073,3,1,7,2,2,500
9042,7,9,1941,1152,1188,1152,2340,4,1,9,2,1,252
9717,5,6,1950,1078,1078,0,1078,2,1,5,0,1,240
9937,5,6,1965,1256,1256,0,1256,3,1,6,0,1,276
