LotArea,OverallQual,OverallCond,YearBuilt,TotalBsmtSF,HeatingQC,CentralAir,1stFlrSF,GrLivArea,FullBath,BedroomAbvGr,KitchenAbvGr,KitchenQual,TotRmsAbvGrd,OpenPorchSF,YrSold,SalePrice
8450,7,5,2003,856,Ex,Y,856,1710,2,3,1,4,8,61,2008,208500
9600,6,8,1976,1262,Ex,Y,1262,1262,2,3,1,3,6,0,2007,181500
11250,7,5,2001,920,Ex,Y,920,1786,2,3,1,4,6,42,2008,223500
9550,7,5,1915,756,Gd,Y,961,1717,1,3,1,4,7,35,2006,140000
14260,8,5,2000,1145,Ex,Y,1145,2198,2,4,1,4,9,84,2008,250000
14115,5,5,1993,796,Ex,Y,796,1362,1,1,1,3,5,30,2009,143000
10084,8,5,2004,1686,Ex,Y,1694,1694,2,3,1,4,7,57,2007,307000
10382,7,6,1973,1107,Ex,Y,1107,2090,2,3,1,3,7,204,2009,200000
6120,7,5,1931,952,Gd,Y,1022,1774,2,2,2,3,8,0,2008,129900
7420,5,6,1939,991,Ex,Y,1077,1077,1,2,2,3,5,4,2008,118000
11200,5,5,1965,1040,Ex,Y,1040,1040,1,3,1,3,5,0,2008,129500
11924,9,5,2005,1175,Ex,Y,1182,2324,3,4,1,5,11,21,2006,345000
12968,5,6,1962,912,TA,Y,912,912,1,2,1,3,4,0,2008,144000
10652,7,5,2006,1494,Ex,Y,1494,1494,2,3,1,4,7,33,2007,279500
10920,6,5,1960,1253,TA,Y,1253,1253,1,2,1,3,5,213,2008,157000
6120,7,8,1929,832,Ex,Y,854,854,1,2,1,3,5,112,2007,132000
11241,6,7,1970,1004,Ex,Y,1004,1004,1,2,1,3,5,0,2010,149000
10791,4,5,1967,0,TA,Y,1296,1296,2,2,2,3,6,0,2006,90000
13695,5,5,2004,1114,Ex,Y,1114,1114,1,3,1,4,6,102,2008,159000
7560,5,6,1958,1029,TA,Y,1339,1339,1,3,1,3,6,0,2009,139000
14215,8,5,2005,1158,Ex,Y,1158,2376,3,4,1,4,9,154,2006,325300
7449,7,7,1930,637,Ex,Y,1108,1108,1,3,1,4,6,0,2007,139400
9742,8,5,2002,1777,Ex,Y,1795,1795,2,3,1,4,7,159,2008,230000
4224,5,7,1976,1040,TA,Y,1060,1060,1,3,1,3,6,110,2007,129900
8246,5,8,1968,1060,Ex,Y,1060,1060,1,3,1,4,6,90,2010,154000
14230,8,5,2007,1566,Ex,Y,1600,1600,2,3,1,4,7,56,2009,256300
7200,5,7,1951,900,TA,Y,900,900,1,3,1,4,5,32,2010,134800
11478,8,5,2007,1704,Ex,Y,1704,1704,2,3,1,4,7,50,2010,306000
16321,5,6,1957,1484,TA,Y,1600,1600,1,2,1,3,6,258,2006,207500
6324,4,6,1927,520,Fa,N,520,520,1,1,1,2,4,0,2008,68500
8500,4,4,1920,649,TA,N,649,1317,1,3,1,3,6,54,2008,40000
8544,5,6,1966,1228,Gd,Y,1228,1228,1,3,1,4,6,65,2008,149350
11049,8,5,2007,1234,Ex,Y,1234,1234,2,3,1,4,7,30,2008,179900
10552,5,5,1959,1398,Gd,Y,1700,1700,1,4,1,4,6,38,2010,165500
7313,9,5,2005,1561,Ex,Y,1561,1561,2,2,1,5,6,47,2007,277500
13418,8,5,2004,1117,Ex,Y,1132,2452,3,4,1,4,9,32,2006,309000
10859,5,5,1994,1097,Ex,Y,1097,1097,1,3,1,3,6,64,2009,145000
8532,5,6,1954,1297,Gd,Y,1297,1297,1,3,1,3,5,0,2009,153000
7922,5,7,1953,1057,TA,Y,1057,1057,1,3,1,4,5,52,2010,109000
6040,4,5,1955,0,TA,N,1152,1152,2,2,2,2,6,0,2008,82000
8658,6,5,1965,1088,Ex,Y,1324,1324,2,3,1,3,6,138,2006,160000
16905,5,6,1959,1350,Gd,Y,1328,1328,1,2,1,3,5,104,2007,170000
9180,5,7,1983,840,Gd,Y,884,884,1,2,1,4,5,0,2007,144000
9200,5,6,1975,938,TA,Y,938,938,1,3,1,3,5,0,2008,130250
7945,5,6,1959,1150,Ex,Y,1150,1150,1,3,1,3,6,0,2006,141000
7658,9,5,2005,1752,Ex,Y,1752,1752,2,2,1,5,6,82,2010,319900
12822,7,5,2003,1434,Ex,Y,1518,2149,1,1,1,4,6,43,2009,239686
11096,8,5,2006,1656,Ex,Y,1656,1656,2,3,1,4,7,146,2007,249700
4456,4,5,1920,736,Gd,Y,736,1452,2,2,3,3,8,0,2009,113000
7742,5,7,1966,955,Ex,Y,955,955,1,3,1,3,6,0,2007,127000
13869,6,6,1997,794,Gd,Y,794,1470,2,3,1,3,6,75,2007,177000
6240,6,6,1934,816,TA,Y,816,1176,1,3,1,3,6,0,2006,114500
8472,5,5,1963,816,TA,N,816,816,1,2,1,3,5,0,2010,110000
50271,9,5,1981,1842,Gd,Y,1842,1842,0,0,1,4,5,72,2006,385000
7134,5,5,1955,384,TA,Y,1360,1360,1,3,1,3,6,50,2007,130000
10175,6,5,1964,1425,Gd,Y,1425,1425,2,3,1,3,7,0,2008,180500
2645,8,5,1999,970,Ex,Y,983,1739,2,3,1,4,7,0,2009,172500
11645,7,5,2004,860,Ex,Y,860,1720,2,3,1,4,7,70,2006,196500
13682,10,5,2006,1410,Ex,Y,1426,2945,3,3,1,4,10,0,2006,438780
7200,5,7,1972,780,Ex,Y,780,780,1,2,1,3,4,0,2008,124900
13072,6,5,2004,1158,Ex,Y,1158,1158,1,3,1,4,5,50,2006,158000
7200,5,7,1920,530,TA,N,581,1111,1,3,1,2,6,0,2007,101000
6442,8,5,2006,1370,Ex,Y,1370,1370,2,2,1,4,6,49,2007,202500
10300,7,6,1921,576,Gd,Y,902,1710,2,3,1,3,9,11,2010,140000
9375,7,5,1997,1057,Ex,Y,1057,2034,2,3,1,4,8,36,2009,219500
9591,8,5,2004,1143,Ex,Y,1143,2473,2,4,1,4,9,151,2007,317000
19900,7,5,1970,1947,TA,Y,2207,2207,2,3,1,3,7,0,2010,180000
10665,7,5,2003,1453,Ex,Y,1479,1479,2,3,1,4,7,29,2007,226000
4608,4,6,1945,747,TA,Y,747,747,1,2,1,3,4,0,2010,80000
15593,7,4,1953,1304,TA,Y,1304,2287,2,3,1,3,7,21,2006,225000
13651,7,6,1973,2223,Ex,Y,2223,2223,2,3,1,3,8,0,2007,244000
7599,4,6,1982,845,TA,Y,845,845,1,2,1,3,4,0,2007,129500
10141,7,5,1998,832,Gd,Y,885,1718,2,3,1,3,7,94,2009,185000
10200,5,7,1954,1086,Gd,Y,1086,1086,1,3,1,3,6,0,2010,144900
5790,3,6,1915,840,Gd,N,840,1605,2,3,2,3,8,0,2010,107400
1596,4,5,1973,462,TA,Y,526,988,1,2,1,3,5,101,2009,91000
8475,4,7,1956,952,Ex,Y,952,952,1,2,1,3,4,0,2008,135750
8635,5,5,1948,672,TA,Y,1072,1285,1,2,1,3,6,0,2008,127000
10778,4,5,1968,1768,TA,N,1768,1768,2,4,2,3,8,0,2010,136500
10440,5,6,1910,440,Gd,Y,682,1230,1,2,1,3,5,0,2009,110000
13000,6,6,1968,896,TA,Y,1182,2142,2,4,1,4,8,72,2009,193500
4500,6,5,1998,1237,Ex,Y,1337,1337,2,2,1,3,5,199,2006,153500
10206,8,5,2007,1563,Ex,Y,1563,1563,2,3,1,4,6,99,2008,245000
8892,5,5,1960,1065,Gd,Y,1065,1065,1,3,1,3,6,0,2007,126500
8530,7,5,1995,384,Gd,Y,804,1474,2,3,1,3,7,72,2009,168500
16059,8,5,1991,1288,Ex,Y,1301,2417,2,4,1,4,9,82,2006,260000
11911,6,5,2005,684,Ex,Y,684,1560,2,3,1,4,6,38,2009,174000
3951,6,5,2009,612,Ex,Y,612,1224,2,2,1,4,4,234,2009,164500
8470,3,2,1915,1013,TA,N,1013,1526,1,2,1,2,6,0,2009,85000
8070,4,5,1994,990,Ex,Y,990,990,1,3,1,3,5,0,2007,123600
7200,4,5,1950,0,TA,Y,1040,1040,1,2,1,3,4,29,2006,109900
8500,5,3,1961,1235,TA,Y,1235,1235,1,2,1,3,6,0,2006,98600
13360,5,7,1921,876,Ex,Y,964,964,1,2,1,3,5,0,2009,163500
7200,6,6,1910,1214,Ex,N,1260,2291,2,4,2,3,9,0,2007,133900
9337,6,5,1997,824,Ex,Y,905,1786,2,3,1,4,7,162,2007,204750
9765,6,8,1993,680,Gd,Y,680,1470,2,3,1,3,6,63,2009,185000
10264,7,5,1999,1588,Ex,Y,1588,1588,2,3,1,4,6,29,2006,214000
10921,4,5,1965,960,TA,Y,960,960,1,3,1,3,6,0,2007,94750
10625,5,5,1920,458,Fa,N,835,835,1,2,1,3,5,0,2010,83000
9320,4,5,1959,950,Fa,Y,1225,1225,1,3,1,3,6,0,2010,128950
10603,6,7,1977,1610,Gd,Y,1610,1610,2,3,1,4,6,68,2010,205000
9206,6,5,1985,741,TA,Y,977,1732,2,3,1,4,7,46,2010,178000
7018,5,5,1979,0,TA,Y,1535,1535,2,4,2,3,8,0,2009,118964
10402,7,5,2009,1226,Ex,Y,1226,1226,2,3,1,4,6,36,2010,198900
7758,7,4,1931,1040,Ex,Y,1226,1818,1,4,1,3,7,0,2007,169500
9375,8,5,2003,1053,Ex,Y,1053,1992,2,3,1,4,9,45,2008,250000
10800,4,7,1885,641,Gd,Y,1047,1047,1,2,1,3,6,0,2007,100000
6000,5,5,1948,789,Ex,Y,789,789,1,2,1,3,5,0,2008,115000
8500,5,7,1919,793,TA,N,997,1517,2,3,1,2,7,0,2007,115000
11751,6,6,1977,1844,Ex,Y,1844,1844,2,3,1,3,7,122,2010,190000
9525,6,4,1954,994,Gd,Y,1216,1855,2,4,1,3,7,0,2006,136900
7750,7,5,2000,384,Ex,Y,774,1430,2,3,1,3,7,0,2010,180000
9965,7,5,2007,1264,Ex,Y,1282,2696,2,4,1,5,10,184,2007,383970
21000,6,5,1953,1809,TA,Y,2259,2259,2,3,1,4,7,120,2007,217000
7259,6,8,1945,1028,Ex,Y,1436,2320,2,3,1,4,9,0,2007,259500
3230,6,5,1999,729,Gd,Y,729,1458,2,2,1,3,5,32,2007,176000
11616,5,5,1962,1092,TA,Y,1092,1092,1,3,1,3,6,20,2009,139000
8536,5,5,2006,1125,Gd,Y,1125,1125,1,2,1,3,5,64,2007,155000
12376,7,5,1990,1673,Gd,Y,1699,3222,3,5,1,4,11,0,2010,320000
8461,6,5,2005,728,Ex,Y,728,1456,2,3,1,4,8,24,2006,163990
21453,6,5,1969,938,Ex,Y,988,988,1,1,1,3,4,130,2006,180000
6060,4,5,1939,732,Gd,Y,772,1123,1,3,1,3,4,0,2007,100000
9464,6,7,1958,1080,Gd,Y,1080,1080,1,3,1,3,5,0,2008,136000
7892,6,5,1993,1199,Ex,Y,1199,1199,2,2,1,4,5,63,2008,153900
17043,6,5,1979,1362,TA,Y,1586,1586,2,3,1,3,7,0,2009,181000
6780,6,8,1935,520,Gd,N,520,754,1,2,1,3,5,0,2006,84500
4928,6,5,1976,1078,TA,Y,958,958,2,2,1,3,5,205,2007,128000
4388,5,7,1930,672,Ex,Y,840,840,1,3,1,3,5,0,2007,87000
7590,6,5,1966,660,TA,Y,660,1348,1,3,1,3,6,108,2006,155000
8973,5,7,1958,1008,TA,Y,1053,1053,1,3,1,5,6,80,2006,150000
14200,7,6,1966,924,Ex,Y,1216,2157,2,4,1,4,8,66,2006,226000
12224,6,5,2000,992,Ex,Y,1022,2054,2,3,1,4,7,48,2009,244000
7388,5,6,1959,1063,Gd,Y,1327,1327,1,3,1,4,7,0,2007,150750
6853,8,5,2001,1267,Ex,Y,1296,1296,2,2,1,4,6,25,2009,220000
10335,5,6,1968,1461,Gd,Y,1721,1721,2,3,1,3,7,96,2006,180000
10400,7,6,1970,1304,Gd,Y,1682,1682,2,3,1,3,7,0,2008,174000
10355,5,5,1967,1214,TA,Y,1214,1214,2,3,1,3,5,111,2007,143000
11070,7,5,1988,1907,Gd,Y,1959,1959,3,5,2,3,9,0,2006,171000
9066,8,5,1999,1004,Ex,Y,1004,1852,2,3,1,4,7,106,2008,230000
15426,6,5,1997,928,Ex,Y,928,1764,2,3,1,4,7,99,2009,231500
10500,4,5,1971,864,TA,Y,864,864,1,3,1,3,5,0,2010,115000
11645,7,5,2005,1734,Ex,Y,1734,1734,2,3,1,4,7,24,2006,260000
8520,5,4,1952,910,Fa,Y,910,1385,2,4,1,3,6,0,2010,166000
10335,7,5,1999,1490,Ex,Y,1501,1501,2,3,1,4,6,29,2009,204000
9100,5,5,1963,1728,TA,Y,1728,1728,2,6,2,3,10,0,2006,125000
2522,6,5,2004,970,Ex,Y,970,1709,2,3,1,4,7,40,2006,130000
6120,5,7,1931,715,TA,Y,875,875,1,2,1,3,5,0,2009,105000
9505,7,5,2001,884,Ex,Y,884,2035,2,3,1,4,8,48,2010,222500
7500,7,5,2004,1080,Ex,Y,1080,1080,1,3,1,4,6,0,2008,141000
6240,5,4,1936,896,Gd,Y,896,1344,1,3,1,3,7,114,2006,115000
10356,5,6,1975,969,TA,Y,969,969,1,3,1,3,5,0,2007,122000
13891,8,5,2007,1710,Ex,Y,1710,1710,2,2,1,4,6,102,2008,372402
14803,6,5,1971,825,Gd,Y,1097,1993,2,4,1,3,8,66,2006,190000
13500,6,7,1960,1602,Gd,Y,1252,1252,1,1,1,3,4,0,2008,235000
11340,6,5,1923,1200,TA,Y,1200,1200,1,4,1,3,7,0,2006,125000
9600,6,5,1924,572,Fa,N,572,1096,1,2,1,3,5,8,2008,79000
7200,5,7,1950,0,TA,Y,1040,1040,1,2,1,3,5,0,2006,109500
12003,8,5,2009,774,Ex,Y,774,1968,2,4,1,5,8,75,2010,269500
12552,7,5,2004,991,Ex,Y,991,1947,2,3,1,4,8,136,2010,254900
19378,7,5,2005,1392,Ex,Y,1392,2462,2,4,1,4,9,132,2006,320000
11120,6,6,1984,1232,TA,Y,1232,1232,2,3,1,3,6,0,2008,162500
13688,9,5,2003,1572,Ex,Y,1572,2668,2,3,1,5,10,0,2008,412500
12182,7,5,2005,1541,Ex,Y,1541,1541,2,3,1,4,7,70,2010,220000
5500,4,6,1956,882,Ex,Y,882,882,1,1,1,3,4,0,2007,103200
5400,6,7,1926,1149,Gd,Y,1149,1616,2,3,1,4,5,0,2007,152000
10106,5,7,1940,644,Gd,Y,808,1355,2,4,2,3,6,0,2008,127500
10708,5,5,1955,1617,Ex,Y,1867,1867,1,2,1,3,7,0,2009,190000
10562,8,5,2007,1582,Ex,Y,1610,2161,1,3,1,5,8,120,2007,325624
8244,7,5,2004,840,Ex,Y,840,1720,2,3,1,4,7,48,2007,183500
16669,8,6,1981,1686,TA,Y,1707,1707,2,2,1,3,6,64,2006,228000
12358,5,6,1941,720,TA,Y,854,1382,1,2,1,3,7,0,2007,128500
31770,6,5,1960,1080,Fa,Y,1656,1656,1,3,1,3,7,62,2010,215000
5306,7,7,1987,1064,Gd,Y,1064,1767,2,2,1,4,5,35,2006,239000
10197,6,5,1961,1362,TA,Y,1362,1362,1,3,1,3,6,20,2008,163000
12416,6,5,1986,1606,TA,Y,1651,1651,2,3,1,3,7,0,2008,184000
12615,6,7,1950,1202,TA,Y,2158,2158,2,4,1,4,7,29,2007,243000
10029,6,5,1988,1151,TA,Y,1164,2060,2,4,1,3,8,228,2007,211000
13650,5,5,1958,1052,Ex,Y,1252,1920,2,4,1,4,8,0,2006,172500
17423,9,5,2008,2216,Ex,Y,2234,2234,2,1,1,5,9,60,2009,501837
8520,5,6,1923,968,TA,Y,968,968,1,2,1,3,5,0,2007,100000
2117,6,5,2000,756,Ex,Y,769,1525,2,3,1,4,5,0,2007,177000
7588,7,6,1920,793,Gd,Y,901,1802,1,4,1,3,9,0,2006,200100
9060,5,6,1957,0,Ex,Y,1340,1340,1,3,1,3,7,0,2007,120000
11426,7,5,2003,1362,Ex,Y,1362,2082,2,3,1,4,6,238,2008,200000
7438,5,8,1908,504,Gd,Y,936,1252,1,3,1,3,5,0,2006,127000
22950,10,9,1892,1107,Ex,Y,1518,3608,2,4,1,5,12,260,2006,475000
9947,7,5,1990,1188,Ex,Y,1217,1217,2,3,1,4,6,27,2009,173000
10410,5,7,1916,660,Ex,Y,808,1656,2,3,1,3,8,0,2009,135000
7018,5,5,1979,1086,TA,Y,1224,1224,0,2,2,3,6,0,2009,153337
4923,8,5,2001,1593,Ex,Y,1593,1593,1,0,1,5,5,120,2008,286000
10570,8,8,1932,853,TA,Y,1549,2727,2,3,1,4,10,74,2007,315000
7472,7,9,1972,725,Gd,Y,725,1479,1,4,1,4,7,32,2007,184000
9017,7,5,1999,1431,Ex,Y,1431,1431,2,3,1,4,6,35,2009,192000
2522,7,5,2004,970,Ex,Y,970,1709,2,3,1,4,7,40,2006,130000
7180,5,7,1972,864,TA,Y,864,864,1,3,1,3,5,0,2008,127000
2280,6,6,1976,855,TA,Y,855,1456,2,3,1,3,7,0,2009,148500
9416,7,5,2007,1726,Ex,Y,1726,1726,2,3,1,5,8,138,2007,311872
25419,8,4,1918,1360,Gd,Y,1360,3112,2,4,1,4,8,16,2006,235000
5520,6,6,1912,755,Ex,Y,929,2229,1,5,1,3,8,198,2009,104000
9591,8,5,2004,1713,Ex,Y,1713,1713,2,3,1,5,7,26,2009,274900
8546,4,5,2003,1121,Ex,Y,1121,1121,2,2,1,3,5,64,2010,140000
10125,6,6,1977,1196,TA,Y,1279,1279,2,3,1,3,6,83,2008,171500
7000,6,6,1924,617,Gd,Y,865,1310,2,2,1,3,6,0,2006,112000
4438,6,5,2004,848,Ex,Y,848,848,1,1,1,4,3,0,2008,149000
3500,5,7,1947,720,TA,Y,720,1284,1,2,1,3,5,35,2009,110000
11851,7,5,1990,1424,Ex,Y,1442,1442,2,3,1,3,5,34,2009,180500
13673,5,5,1962,1140,TA,Y,1696,1696,1,3,1,3,8,30,2007,143900
12493,4,5,1960,1100,TA,Y,1100,1100,1,3,1,3,6,0,2008,141000
14364,7,5,1988,1157,Ex,Y,1180,2062,2,3,1,3,7,55,2007,277000
8250,6,7,1964,1092,Ex,Y,1092,1092,1,3,1,3,6,0,2008,145000
5604,5,6,1925,864,TA,N,864,864,1,2,1,3,5,0,2008,98000
10420,6,5,2009,1212,Ex,Y,1212,1212,2,3,1,4,6,22,2010,186000
8640,7,5,2009,900,Ex,Y,932,1852,2,3,1,4,7,108,2009,252678
13568,5,5,1995,990,Ex,Y,990,990,1,3,1,3,5,0,2006,156000
10900,6,7,1977,689,Ex,Y,689,1392,1,3,1,3,6,36,2010,161750
10011,5,6,1957,1070,TA,Y,1236,1236,1,2,1,4,6,0,2006,134450
8450,7,5,2004,1436,Ex,Y,1436,1436,2,3,1,4,8,98,2008,210000
9906,4,4,1925,686,Fa,N,810,1328,1,3,1,3,8,172,2006,107000
15660,7,9,1939,798,Ex,Y,1137,1954,1,3,1,4,8,119,2008,311500
3010,7,5,2005,1248,Ex,Y,1248,1248,2,2,1,4,5,0,2006,167240
8990,7,5,2006,1498,Ex,Y,1498,1498,2,2,1,4,5,33,2006,204900
8068,6,5,2002,1010,Ex,Y,1010,2267,2,4,1,4,8,46,2009,200000
11475,6,6,1975,713,TA,Y,811,1552,2,3,1,3,6,208,2006,179900
10500,4,6,1971,864,Gd,Y,864,864,1,2,1,3,4,0,2009,97000
13472,10,5,2003,2392,Ex,Y,2392,2392,2,3,1,5,8,105,2009,386250
1680,5,5,1971,630,TA,Y,630,1302,2,3,1,3,6,0,2009,112000
9950,7,5,1995,1203,Ex,Y,1214,2520,2,4,1,4,9,114,2007,290000
1869,6,6,1970,483,TA,Y,483,987,1,2,1,3,5,0,2008,106000
8521,5,5,1967,912,TA,Y,912,912,1,3,1,3,5,0,2010,125000
3182,7,5,2005,1373,Ex,Y,1555,1555,2,2,1,4,7,20,2009,192500
8760,6,6,1959,1194,TA,Y,1194,1194,1,3,1,3,6,0,2010,148000
15138,8,5,1995,1462,Ex,Y,1490,2794,2,4,1,5,9,146,2009,403000
1680,6,5,1972,483,TA,Y,483,987,1,2,1,3,5,0,2006,94500
10650,5,6,1976,894,TA,Y,894,894,1,3,1,3,5,0,2010,128200
7851,6,5,2002,860,Ex,Y,860,1960,2,4,1,4,8,48,2010,216500
1680,6,3,1971,483,TA,Y,483,987,1,2,1,3,5,0,2008,89500
8773,7,5,2004,1414,Ex,Y,1414,1414,2,3,1,4,6,105,2010,185500
9453,7,7,1993,996,Ex,Y,1014,1744,2,3,1,4,7,70,2010,194500
12030,8,5,2007,1694,Ex,Y,1694,1694,2,3,1,4,7,228,2007,318000
8741,6,4,1945,735,TA,Y,798,1487,1,3,1,3,7,140,2010,113000
9000,8,5,2008,1566,Ex,Y,1566,1566,2,3,1,4,7,168,2010,262500
3880,5,9,1945,686,Gd,Y,866,866,1,2,1,4,4,42,2007,110500
5000,5,4,1900,540,Gd,N,889,1440,1,3,1,3,6,0,2006,79000
10762,6,6,1980,626,TA,Y,626,1217,1,3,1,3,6,28,2009,120000
8880,7,5,1994,948,Ex,Y,1222,2110,2,3,1,4,8,130,2010,205000
10400,7,5,1988,1845,Gd,Y,1872,1872,2,3,1,3,6,39,2006,241500
9142,6,8,1910,1020,Gd,N,908,1928,2,4,2,2,9,60,2006,137000
11310,6,5,1954,1367,Ex,Y,1375,1375,1,2,1,3,5,30,2006,140000
11317,7,5,2003,840,Ex,Y,840,1668,2,3,1,4,8,68,2007,180000
159000,6,7,1958,1444,Gd,Y,1444,2144,2,4,1,4,7,98,2007,277000
5350,3,2,1940,728,Ex,Y,1306,1306,1,3,1,2,6,0,2010,76500
4750,8,5,2006,1573,Ex,Y,1625,1625,2,2,1,4,5,0,2007,235000
8366,6,5,2004,798,Ex,Y,798,1640,2,3,1,4,6,45,2008,173000
9350,6,7,1964,1302,Ex,Y,1302,1302,2,3,1,4,7,0,2007,158000
8400,5,6,1957,1314,TA,Y,1314,1314,1,3,1,3,5,0,2010,145000
8738,7,5,1999,975,Ex,Y,1005,2291,2,4,1,4,8,0,2006,230000
8791,6,5,2003,864,Ex,Y,864,1728,2,3,1,4,7,56,2008,207500
8814,7,5,2006,1604,Ex,Y,1604,1604,2,3,1,4,8,110,2009,220000
12435,7,5,2001,963,Ex,Y,963,1792,2,3,1,4,7,96,2008,231500
12702,5,5,1956,0,Gd,Y,882,882,1,2,1,3,4,45,2008,97000
19296,6,5,1962,1362,TA,Y,1382,1382,1,3,1,3,6,0,2009,176000
9588,8,5,2007,1482,Ex,Y,1482,2574,2,3,1,5,10,148,2007,276000
8471,6,7,1977,506,TA,Y,1212,1212,1,3,1,3,6,12,2006,151000
5500,5,7,1929,926,TA,Y,926,1316,1,3,1,3,6,0,2010,130000
5232,5,5,1925,680,Gd,N,764,764,1,2,1,3,4,0,2008,73000
12090,6,6,1981,1422,TA,Y,1422,1422,2,3,1,4,7,0,2008,175500
11207,6,5,1997,802,Gd,Y,802,1511,2,3,1,3,8,75,2006,185000
8400,5,8,1939,720,Ex,Y,1052,2192,2,4,1,4,8,24,2008,179500
6900,5,6,1940,740,Ex,Y,778,778,1,2,1,3,4,25,2008,120500
7917,6,7,1976,1143,TA,Y,1113,1113,1,3,1,3,6,30,2007,148000
10728,8,5,2006,1095,Gd,Y,1095,1939,2,3,1,4,8,51,2006,266000
39104,7,7,1954,1385,Ex,Y,1363,1363,1,2,1,3,5,0,2008,241500
11764,8,7,1999,1152,Ex,Y,1164,2270,2,4,1,4,9,57,2010,290000
9600,6,6,1958,1240,Gd,Y,1632,1632,2,3,1,3,6,0,2009,139000
8314,5,7,1982,816,TA,Y,816,816,1,2,1,3,5,0,2007,124500
7264,7,7,1925,952,Gd,N,952,1548,2,3,1,5,5,0,2009,205000
9196,7,5,2003,1560,Ex,Y,1560,1560,2,3,1,4,7,150,2010,201000
19138,4,5,1951,864,Ex,Y,864,864,1,2,1,3,4,0,2010,141000
14450,9,5,2006,2121,Ex,Y,2121,2121,2,3,1,5,8,98,2007,415298
10005,7,5,1977,1160,Ex,Y,1156,2022,2,4,1,3,8,117,2008,192000
11287,7,6,1989,807,Gd,Y,1175,1982,2,3,1,4,7,84,2007,228500
7200,6,5,2006,1262,Gd,Y,1262,1262,2,2,1,4,5,120,2006,185000
5063,7,5,2007,1314,Ex,Y,1314,1314,2,2,1,4,6,62,2009,207500
9612,8,5,2008,1468,Ex,Y,1468,1468,2,3,1,4,6,150,2009,244600
8012,6,5,1992,1575,Gd,Y,1575,1575,2,2,1,4,5,0,2007,179200
4251,7,5,2006,625,Ex,Y,625,1250,2,2,1,4,5,54,2007,164700
9786,6,7,1962,912,TA,Y,1085,1734,1,3,1,4,7,0,2006,159000
8125,4,4,1971,858,TA,Y,858,858,1,3,1,3,5,0,2006,88000
9819,5,5,1967,882,TA,Y,900,900,1,3,1,3,5,0,2010,122000
8730,6,7,1915,698,Ex,Y,698,1396,1,3,1,3,7,0,2007,153575
15611,8,5,2006,1079,Ex,Y,1079,1919,2,3,1,4,8,51,2006,233230
5687,5,6,1912,780,Ex,N,936,1716,2,6,1,2,9,184,2008,135900
11409,5,4,1949,768,Gd,Y,1148,1716,1,3,1,3,8,0,2009,131000
16659,7,7,1977,795,Fa,Y,1468,2263,2,3,1,4,9,250,2006,235000
9600,6,5,1953,1416,TA,Y,1644,1644,1,3,1,3,7,0,2009,167000
7937,6,6,1984,1003,TA,Y,1003,1003,1,3,1,3,6,0,2006,142500
13710,5,5,1950,910,TA,Y,910,1558,1,4,1,3,6,0,2007,152000
7399,7,5,1997,975,Ex,Y,975,1950,2,3,1,4,7,10,2007,239000
11700,6,6,1968,702,Gd,Y,1041,1743,1,3,1,3,7,0,2007,175000
14000,6,8,1950,1092,Ex,Y,1152,1152,1,3,1,4,6,36,2009,158500
15750,5,5,1953,1165,TA,Y,1336,1336,1,2,1,3,5,0,2006,157000
16226,8,5,1998,1028,Ex,Y,1210,2452,2,4,1,4,9,50,2007,267000
13704,7,5,2001,1541,Ex,Y,1541,1541,2,3,1,4,6,81,2006,205000
9800,5,7,1972,894,TA,Y,894,894,1,3,1,3,5,0,2006,149900
18386,7,9,1880,1470,Ex,Y,1675,3493,3,3,1,4,10,0,2008,295000
10386,8,5,2004,2000,Ex,Y,2000,2000,2,3,1,4,8,0,2007,305900
13474,7,5,1990,700,Gd,Y,1122,2243,2,4,1,4,8,44,2007,225000
7920,6,7,1920,319,TA,Y,1035,1406,1,3,1,2,6,144,2008,89500
12342,4,5,1940,861,Ex,Y,861,861,1,1,1,3,4,0,2009,82500
12378,9,5,2003,1896,Ex,Y,1944,1944,2,3,1,5,8,175,2006,360000
7685,6,5,1993,697,Gd,Y,697,1501,2,3,1,4,6,63,2006,165600
8000,6,6,1948,972,Ex,Y,972,972,1,2,1,3,5,0,2009,132000
7800,5,7,1939,793,TA,Y,793,1118,1,3,1,3,5,0,2006,119900
215245,7,5,1965,2136,TA,Y,2036,2036,2,3,1,3,8,0,2009,375000
9600,7,7,1925,728,Ex,Y,832,1641,1,3,1,5,6,0,2006,178000
7795,7,5,2004,716,Ex,Y,716,1432,2,3,1,4,6,51,2009,188500
13005,7,7,1980,845,TA,Y,1153,2353,2,4,1,5,10,195,2009,260000
9000,8,5,2006,1088,Ex,Y,1088,1959,2,3,1,4,8,46,2007,270000
9900,7,5,1993,1347,Ex,Y,1372,2646,2,4,1,4,9,60,2009,260000
14115,7,5,1980,1372,TA,Y,1472,1472,2,3,1,3,6,48,2009,187500
16259,9,5,2006,1249,Ex,Y,1249,2596,3,4,1,4,9,154,2006,342643
12099,8,5,2004,1136,Ex,Y,1136,2468,2,4,1,4,10,154,2007,354000
10380,7,5,1986,1502,Ex,Y,1553,2730,2,4,1,4,8,96,2007,301000
5820,3,8,1955,1162,Ex,Y,1163,1163,1,3,1,3,6,98,2006,126175
11275,7,7,1967,710,Ex,Y,1898,2978,2,5,1,4,11,0,2010,242000
5000,5,6,1941,720,Po,N,803,803,1,2,1,3,5,0,2007,87000
10846,8,5,1993,1719,Ex,Y,1719,1719,1,1,1,4,6,30,2008,324000
11600,6,5,1960,1383,TA,Y,1383,1383,1,3,1,3,7,45,2006,145250
11888,6,6,1916,844,Gd,N,1445,2134,2,5,1,4,10,60,2009,214500
6402,5,5,1920,596,TA,N,596,1192,1,3,1,3,6,0,2009,78000
10624,5,4,1964,1728,TA,Y,1728,1728,2,6,2,3,10,0,2007,119000
8176,5,6,1958,1056,Fa,Y,1056,1056,1,3,1,3,6,0,2007,139000
10655,8,5,2003,3206,Ex,Y,1629,1629,2,3,1,4,7,0,2009,284000
8198,7,5,2004,1358,Ex,Y,1358,1358,2,2,1,4,6,30,2008,207000
9042,6,5,1998,943,Gd,Y,943,1638,2,3,1,3,7,38,2008,192000
164660,5,6,1965,1499,Ex,Y,1619,1786,2,3,1,3,7,0,2008,228950
14157,9,5,2005,1922,Ex,Y,1922,1922,2,3,1,4,8,51,2007,377426
9135,7,5,2002,1536,Ex,Y,1536,1536,2,3,1,4,7,74,2008,214000
14145,7,7,1984,1208,Ex,Y,1621,1621,2,3,1,4,8,45,2006,202500
12400,6,7,1958,1215,TA,Y,1215,1215,1,3,1,3,6,0,2009,155000
14191,8,5,2002,967,Ex,Y,993,1908,2,4,1,4,9,0,2010,202900
8400,4,4,1950,721,Gd,Y,841,841,1,2,1,3,4,0,2009,82000
8544,3,4,1949,0,Fa,N,1040,1040,2,2,2,3,6,0,2006,87500
8849,9,5,2005,1684,Ex,Y,1684,1684,2,2,1,5,6,72,2008,266000
2592,5,3,1976,536,TA,Y,536,1112,1,3,1,3,4,0,2010,85000
6435,6,5,1939,972,Gd,Y,972,1577,1,3,1,2,6,0,2006,140200
12772,6,8,1960,958,TA,Y,958,958,1,2,1,3,5,0,2007,151500
17600,6,5,1960,1478,Ex,Y,1478,1478,2,3,1,3,6,40,2009,157500
2448,7,5,2003,764,Ex,Y,764,1626,2,2,1,4,6,27,2008,154000
20431,9,5,2005,1848,Ex,Y,1848,2728,2,4,1,5,10,0,2006,437154
7820,9,5,2007,1869,Ex,Y,1869,1869,2,2,1,5,6,54,2007,318061
5271,7,5,1986,1453,Gd,Y,1453,1453,1,2,1,4,6,80,2006,190000
9084,5,6,1941,616,TA,N,616,1111,1,3,1,3,5,0,2008,95000
8520,6,8,1928,624,Gd,Y,720,720,1,2,1,3,5,0,2010,105900
8400,6,5,1940,940,Ex,Y,1192,1595,1,2,1,3,6,0,2006,140000
11249,6,5,1995,1200,Ex,Y,1200,1200,2,3,1,4,6,26,2007,177500
9248,6,6,1992,1158,Gd,Y,1167,1167,2,3,1,4,6,26,2009,173000
4224,5,5,1976,1142,TA,Y,1142,1142,1,3,1,3,6,90,2007,134000
6930,5,4,1958,1062,Ex,Y,1352,1352,1,3,1,4,6,0,2006,130000
12011,8,5,1998,1086,Ex,Y,1086,1924,2,3,1,4,7,75,2006,280000
7540,6,6,1978,888,Ex,Y,912,912,1,2,1,3,5,0,2007,156000
9144,5,5,1940,883,Gd,Y,988,1505,1,3,1,3,8,0,2008,145000
7301,7,5,2003,0,Ex,Y,495,1922,3,4,1,4,7,0,2009,198500
1680,6,8,1972,483,Gd,Y,483,987,1,2,1,4,5,0,2009,118000
18800,6,5,1976,796,TA,Y,790,1574,2,3,1,3,6,111,2006,190000
10690,5,7,1920,672,Gd,Y,672,1344,1,3,1,3,6,128,2009,147000
9500,6,5,1963,1394,Gd,Y,1394,1394,1,3,1,3,6,76,2009,159000
9150,6,5,1962,1099,Gd,Y,1431,1431,1,3,1,3,6,110,2008,165000
7800,5,6,1954,1268,Gd,Y,1268,1268,1,2,1,3,7,98,2010,132000
9830,5,7,1959,1063,Ex,Y,1287,1287,1,3,1,4,7,17,2010,162000
8121,6,5,2000,953,Ex,Y,953,1664,2,3,1,3,7,40,2006,172400
17120,4,4,1959,0,TA,Y,1120,1588,2,4,1,3,7,59,2008,134432
7175,6,5,1984,744,TA,Y,752,752,1,2,1,3,4,0,2010,125000
10634,5,6,1953,608,TA,Y,1319,1319,1,3,1,3,5,0,2009,123000
8200,7,5,2003,847,Ex,Y,847,1928,2,4,1,4,8,48,2007,219500
10020,1,1,1922,683,Gd,N,904,904,0,1,1,2,4,0,2009,61000
8846,5,5,1996,870,Ex,Y,914,914,1,2,1,3,5,0,2006,148000
11143,8,5,2004,1580,Ex,Y,1580,2466,3,4,1,4,8,214,2007,340000
11394,9,2,2010,1856,Ex,Y,1856,1856,1,1,1,5,8,0,2010,394432
8123,6,5,2000,982,Ex,Y,1007,1800,2,3,1,3,7,63,2009,179000
5000,5,6,1924,1026,TA,Y,1026,1691,2,3,1,4,6,0,2010,127000
7200,7,5,2006,1293,Ex,Y,1301,1301,2,2,1,4,5,121,2006,187750
9245,7,5,2006,939,Ex,Y,939,1797,2,3,1,4,8,53,2007,213500
9000,6,3,1928,784,TA,N,784,784,1,2,1,3,5,0,2009,76000
53107,6,5,1992,1580,Ex,Y,1079,1953,2,3,1,4,9,231,2007,240000
3182,8,5,2004,1256,Ex,Y,1269,1269,2,2,1,4,6,20,2010,192000
8410,5,3,1910,658,TA,Y,658,1184,1,5,1,3,8,151,2006,81000
7200,6,6,1976,1041,Ex,Y,1125,1125,1,3,1,3,6,0,2009,125000
9382,7,5,1999,1468,Ex,Y,1479,1479,2,3,1,4,6,25,2008,191000
12474,10,5,2007,1682,Ex,Y,1742,2332,2,3,1,5,9,134,2008,426000
8405,5,8,1900,861,Ex,Y,961,1367,1,4,1,3,7,130,2008,119000
12209,6,5,2001,804,Ex,Y,804,1961,2,3,1,4,7,192,2009,215000
8339,5,7,1959,0,TA,Y,882,882,1,3,1,3,5,0,2007,106500
7446,4,5,1941,788,TA,Y,788,788,1,2,1,3,4,0,2006,100000
10134,5,6,1940,735,Gd,Y,735,1034,1,2,1,3,5,39,2007,109000
9571,5,6,1956,1144,TA,Y,1144,1144,1,3,1,3,6,0,2010,129000
7200,5,5,1972,894,TA,Y,894,894,1,2,1,3,6,0,2009,123000
7590,5,5,1962,864,TA,Y,876,1812,2,4,1,3,8,168,2007,169500
8967,5,2,1920,961,Gd,Y,1077,1077,1,2,1,3,6,0,2007,67000
8125,7,5,2006,1092,Ex,Y,1112,1550,2,2,1,4,7,168,2009,241000
14963,8,5,1996,1260,Ex,Y,1288,1288,1,1,1,5,4,30,2008,245500
8767,7,5,2005,1310,Ex,Y,1310,1310,2,3,1,4,6,0,2006,164990
10200,5,8,1940,672,Ex,Y,672,672,1,2,1,3,4,0,2008,108000
12090,8,5,1998,1141,Gd,Y,1165,2263,2,4,1,4,10,123,2006,258000
10364,6,5,1995,806,Gd,Y,806,1572,2,3,1,3,7,40,2007,168000
9991,4,4,1976,1281,Ex,Y,1620,1620,2,3,1,3,8,78,2009,150000
10480,6,5,1936,1064,Ex,Y,1166,1639,1,3,1,3,6,0,2008,115000
15576,6,7,1915,840,Ex,Y,840,1680,2,4,1,3,8,0,2008,177000
14154,7,5,2006,1063,Ex,Y,1071,2172,2,3,1,4,9,62,2007,280000
10800,8,5,2007,1034,Ex,Y,1050,2078,2,3,1,5,8,102,2008,339750
9571,5,3,1958,1276,TA,Y,1276,1276,1,3,1,3,5,0,2009,60000
34650,5,5,1955,1056,TA,N,1056,1056,1,3,1,3,5,0,2006,145000
4403,7,5,2009,1470,Ex,Y,1478,1478,2,2,1,4,7,144,2010,222000
8960,5,6,1927,1008,Gd,Y,1028,1028,1,2,1,3,5,0,2010,115000
11228,7,5,1993,1080,Ex,Y,1080,2097,2,3,1,4,9,187,2008,228000
8899,7,5,2007,1340,Ex,Y,1340,1340,2,3,1,4,6,30,2007,181134
7844,6,7,1978,672,TA,Y,672,1400,1,3,1,3,6,0,2006,149500
22420,6,6,1918,1370,TA,N,1370,2624,2,4,1,3,10,0,2007,239000
8160,5,6,1940,756,Fa,N,756,1134,1,3,1,3,7,0,2007,126000
8450,5,6,1968,1056,Ex,Y,1056,1056,1,3,1,3,6,85,2010,142000
7060,7,5,1997,1344,Ex,Y,1344,1344,2,2,2,3,8,0,2008,206300
16635,6,7,1977,1602,Gd,Y,1602,1602,2,3,1,4,8,0,2009,215000
21750,5,5,1954,988,Ex,Y,988,988,1,2,1,3,4,0,2008,113000
9200,8,5,1998,1470,Gd,Y,1470,2630,2,4,1,4,8,66,2008,315000
9000,6,5,1956,1196,Gd,Y,1196,1196,1,2,1,3,6,44,2008,139000
3378,7,8,1946,651,Gd,Y,707,1389,1,3,1,3,6,0,2009,135000
12800,7,5,1989,1518,Gd,Y,1644,1644,2,2,1,4,5,0,2009,275000
8593,4,6,1957,907,Ex,Y,907,907,1,3,1,3,5,0,2008,109008
6762,7,5,2007,1208,Ex,Y,1208,1208,2,2,1,4,6,54,2007,195400
11457,6,5,1988,1392,TA,Y,1412,1412,2,3,1,4,6,0,2009,175000
1680,6,5,1971,483,TA,Y,483,987,1,2,1,3,4,0,2008,85400
5586,6,7,1920,901,Gd,Y,1088,1198,1,4,1,3,7,98,2008,79900
1920,5,5,1971,765,Ex,Y,765,1365,1,2,1,3,6,36,2007,122500
10839,6,5,1997,926,Ex,Y,926,1604,2,3,1,3,7,36,2008,181000
1890,4,7,1972,630,Gd,Y,630,630,1,1,1,3,3,0,2008,81000
10667,7,6,1996,799,Ex,Y,827,1661,2,3,1,4,6,61,2009,212000
4400,6,8,1920,648,TA,Y,734,1118,1,2,1,3,6,0,2006,116000
6000,6,7,1926,884,Gd,Y,904,904,1,2,1,3,4,0,2009,119000
4280,5,6,1913,440,TA,N,694,694,1,2,1,4,4,0,2007,90350
12354,6,8,1920,684,Gd,Y,684,1196,1,3,1,4,7,46,2009,110000
15431,10,5,2008,3094,Ex,Y,2402,2402,2,2,1,5,10,72,2009,555000
12108,4,4,1955,1440,TA,N,1440,1440,2,4,2,2,8,0,2008,118000
6240,5,7,1930,1078,TA,Y,1128,1573,2,3,1,3,8,0,2008,162900
3922,7,5,2006,1258,Ex,Y,1258,1258,2,2,1,4,6,16,2007,172500
8750,7,5,1994,915,Ex,Y,933,1908,2,4,1,4,8,133,2008,210000
9855,6,5,1956,1436,Fa,Y,1689,1689,1,3,1,3,7,0,2009,127500
16492,6,6,1966,1517,Ex,Y,1888,1888,2,2,1,4,6,0,2010,190000
11214,7,5,1998,930,Gd,Y,956,1886,2,4,1,4,10,0,2006,199900
8600,6,6,1937,780,TA,Y,780,1376,2,3,1,3,7,0,2006,119500
6000,3,7,1948,649,Ex,Y,679,1183,1,2,1,3,6,176,2007,120000
5684,6,8,1930,813,Ex,Y,813,813,1,2,1,4,5,113,2006,110000
70761,7,5,1975,1533,TA,Y,1533,1533,2,2,1,4,5,54,2006,280000
9303,6,5,1996,872,Ex,Y,888,1756,2,3,1,3,7,122,2007,204000
9000,8,5,2008,768,Ex,Y,786,1590,2,3,1,4,6,30,2009,210000
9297,5,5,1976,1728,TA,Y,1728,1728,2,4,2,3,8,0,2006,188000
9600,7,6,1973,1242,Fa,Y,1242,1242,1,3,1,3,6,0,2007,175500
4571,5,5,1916,624,Fa,N,624,1344,1,4,1,3,7,0,2008,98000
53227,4,6,1954,1364,Ex,Y,1663,1663,1,2,1,4,6,137,2008,256000
5100,8,7,1925,588,Fa,Y,833,1666,1,3,1,4,7,63,2008,161000
7015,5,4,1950,709,TA,Y,979,1203,1,3,1,4,5,0,2009,110000
8004,8,5,2009,832,Ex,Y,832,1935,2,3,1,3,8,150,2009,263435
7200,7,9,1936,560,Ex,Y,575,1135,1,3,1,4,6,0,2009,155000
8281,5,5,1965,864,Gd,Y,864,864,1,3,1,3,5,0,2009,62383
11988,6,7,1934,715,Fa,Y,849,1660,1,3,1,3,6,0,2008,188700
8430,5,5,1978,1040,TA,Y,1040,1040,2,3,1,3,5,0,2009,124000
3072,7,5,2004,1375,Ex,Y,1414,1414,2,2,1,4,6,20,2006,178740
10628,7,5,1970,1277,TA,Y,1277,1277,1,2,1,3,5,0,2007,167000
9480,5,7,1942,728,Ex,Y,888,1644,1,3,1,4,7,0,2007,146500
11428,8,5,2006,1626,Ex,Y,1634,1634,2,3,1,4,7,44,2007,250000
9291,6,5,1993,832,Ex,Y,832,1710,2,3,1,4,7,70,2008,187000
6820,8,5,1985,1488,TA,Y,1502,1502,1,1,1,4,4,54,2010,212000
11952,7,6,1977,808,TA,Y,1161,1969,2,3,1,3,8,0,2007,190000
3675,6,5,2005,547,Ex,Y,1072,1072,1,2,1,3,5,28,2008,148000
14977,8,5,2006,1976,Ex,Y,1976,1976,2,2,1,4,7,63,2007,440000
5330,8,5,2000,1494,Ex,Y,1652,1652,2,2,1,5,6,48,2007,251000
8480,5,6,1963,970,TA,Y,970,970,1,2,1,3,5,24,2007,132500
13125,6,5,1997,1478,Ex,Y,1493,1493,2,3,1,4,7,39,2008,208900
13693,9,5,2006,2153,Ex,Y,2069,2643,2,3,1,5,9,84,2007,380000
10637,8,5,2007,1705,Ex,Y,1718,1718,2,3,1,4,7,44,2009,297000
5925,4,7,1937,907,TA,Y,1131,1131,1,2,1,3,7,72,2007,89471
16033,9,5,2004,1833,Ex,Y,1850,1850,2,3,1,4,8,112,2006,326000
11846,9,5,2003,1792,Ex,Y,1792,1792,2,2,1,5,6,49,2006,374000
2500,7,8,1915,910,Ex,Y,916,1826,1,4,1,5,7,0,2009,155000
4500,6,5,1998,1216,Ex,Y,1216,1216,2,2,1,3,5,125,2006,164000
7758,5,7,1962,999,Gd,Y,999,999,1,3,1,4,6,132,2007,132500
9600,5,7,1950,1113,Gd,Y,1113,1113,1,3,1,4,5,80,2009,147000
10289,5,7,1965,1073,TA,Y,1073,1073,1,3,1,3,6,0,2007,156000
12243,5,6,1971,1484,Gd,Y,1484,1484,2,3,1,3,7,0,2007,175000
10800,5,4,1900,954,TA,N,1766,2414,2,3,2,3,10,0,2006,160000
1526,4,8,1970,630,TA,Y,630,630,1,1,1,4,3,0,2009,86000
2665,5,6,1976,264,TA,Y,616,1304,1,3,1,3,4,24,2008,115000
9490,6,7,1941,806,TA,Y,958,1578,1,3,1,2,5,0,2006,133000
15578,6,5,2006,728,Gd,Y,728,1456,2,3,1,3,8,0,2006,172785
7931,5,6,1960,1269,TA,Y,1269,1269,1,3,1,3,6,0,2008,155000
5784,5,8,1938,190,Gd,Y,886,886,1,2,1,3,4,20,2009,91300
7879,4,5,1920,720,TA,N,720,720,1,2,1,3,4,523,2009,34900
12692,8,5,1992,3200,Ex,Y,3228,3228,3,4,1,4,10,75,2007,430000
9120,7,6,1925,1026,Ex,Y,1133,1820,2,4,1,3,8,100,2008,184000
7800,5,7,1967,864,Ex,Y,899,899,1,3,1,4,5,0,2009,130000
7535,5,7,1958,912,Fa,Y,912,912,1,2,1,3,5,285,2007,120000
1890,6,5,1973,672,TA,Y,672,1218,1,3,1,3,7,28,2007,113000
9803,7,5,2005,866,Gd,Y,866,1768,2,3,1,4,7,108,2008,226700
9170,5,7,1965,1214,Ex,Y,1214,1214,1,2,1,3,6,0,2007,140000
15602,7,8,1959,1501,TA,Y,1801,1801,2,1,1,3,6,54,2010,289000
2308,6,5,1974,855,TA,Y,855,1322,2,3,1,3,6,0,2009,147000
7596,5,5,1952,960,Gd,Y,960,1960,2,4,2,3,10,0,2009,124500
9554,8,5,1993,777,Ex,Y,1065,1911,2,3,1,4,8,81,2006,215000
7862,6,5,2009,1218,Ex,Y,1218,1218,2,2,1,4,4,102,2009,208300
9600,7,9,1928,689,Ex,Y,689,1378,2,3,1,4,7,0,2008,161000
9600,5,6,1959,1041,Ex,Y,1041,1041,1,3,1,3,6,88,2009,124500
14559,5,7,1951,1008,Ex,Y,1363,1363,1,2,1,3,6,42,2009,164900
6792,7,5,2005,1368,Ex,Y,1368,1368,2,2,1,4,6,35,2006,202665
9100,5,5,1958,864,TA,Y,864,864,1,3,1,3,5,0,2006,129900
9187,6,5,1983,1084,TA,Y,1080,1080,1,3,1,3,5,0,2007,134000
10594,5,5,1926,768,Fa,N,789,789,1,2,1,3,5,0,2007,96500
12220,10,5,2009,2006,Ex,Y,2020,2020,2,3,1,5,9,54,2009,402861
10448,6,6,1972,689,TA,Y,1378,2119,2,3,1,3,7,104,2009,158000
10208,7,5,1996,1264,Ex,Y,1277,2344,2,3,1,4,7,0,2009,265000
9531,6,5,1998,794,Ex,Y,882,1796,2,3,1,3,7,36,2007,211000
10918,7,9,1926,1276,Ex,Y,1276,2080,1,3,1,4,9,0,2009,234000
10800,4,7,1900,0,TA,N,694,1294,2,3,2,3,7,114,2008,106250
11988,6,6,1957,1244,Ex,Y,1244,1244,1,3,1,3,6,40,2007,150000
5000,6,7,1947,1004,Ex,Y,1004,1664,2,3,1,3,7,24,2006,159000
40094,10,5,2007,3138,Ex,Y,3138,4676,3,3,1,5,11,406,2007,184750
11787,7,5,1996,1379,Ex,Y,1383,2398,2,3,1,4,8,60,2007,315750
7500,7,5,2005,1257,Ex,Y,1266,1266,2,3,1,4,6,144,2006,176000
13300,5,7,1956,928,TA,Y,928,928,1,2,1,3,4,0,2007,132000
14948,9,5,2008,1452,Ex,Y,1476,2713,2,3,1,5,11,66,2008,446261
9098,4,7,1920,528,Ex,Y,605,605,1,2,1,3,5,0,2007,86000
32668,6,3,1957,2035,TA,Y,2515,2515,3,4,2,3,9,0,2007,200624
10200,6,5,1988,1461,Ex,Y,1509,1509,2,3,1,4,5,0,2008,175000
6155,6,8,1920,611,Ex,Y,751,1362,2,3,1,3,6,0,2008,128000
7200,5,7,1955,0,Ex,Y,827,827,1,2,1,3,5,0,2010,107500
5000,1,3,1946,0,Fa,N,334,334,1,1,1,2,2,0,2007,39300
9056,8,5,2004,707,Ex,Y,707,1414,2,3,1,4,6,35,2006,178000
7000,5,7,1910,1117,TA,Y,820,1347,1,3,1,3,5,0,2008,107500
8924,7,5,1998,880,Ex,Y,880,1724,2,3,1,4,8,155,2008,188000
12735,4,5,1972,864,TA,Y,864,864,1,3,1,3,5,0,2008,111250
11553,5,5,1968,1051,TA,Y,1159,1159,1,3,1,3,7,0,2006,158000
11423,8,5,2001,1581,Ex,Y,1601,1601,2,3,1,4,6,0,2010,272000
14601,9,5,2006,1838,Ex,Y,1838,1838,2,2,1,5,8,68,2009,315000
11000,8,5,2000,969,Ex,Y,997,2285,2,4,1,4,8,56,2007,248000
10140,7,5,1998,1650,Ex,Y,1680,1680,2,3,1,4,7,73,2009,213250
4058,7,5,1998,723,Ex,Y,767,767,1,1,1,3,4,40,2007,133000
17104,7,5,2006,654,Ex,Y,664,1496,2,3,1,4,7,24,2006,179665
13837,7,5,1988,1204,Gd,Y,1377,2183,2,4,1,4,9,0,2006,229000
8737,6,7,1923,1065,Ex,Y,915,1635,1,3,1,3,6,38,2007,210000
7244,5,7,1970,768,Ex,Y,768,768,1,2,1,3,5,0,2007,129500
8235,5,7,1955,825,TA,Y,825,825,1,2,1,3,4,50,2008,125000
9375,7,5,2003,912,Ex,Y,912,2094,2,4,1,4,8,182,2009,263000
4043,6,6,1977,1069,TA,Y,1069,1069,2,2,1,3,4,55,2008,140000
6000,5,6,1957,928,Gd,Y,928,928,1,3,1,3,5,0,2008,112500
11146,8,5,2006,1709,Ex,Y,1717,1717,2,3,1,4,7,39,2009,255500
8777,4,5,1949,0,Ex,Y,1126,1126,2,2,1,4,5,96,2009,108000
10625,7,5,2003,998,Ex,Y,1006,2046,2,3,1,4,8,62,2008,284000
6380,5,6,1922,993,TA,Y,1048,1048,1,2,1,3,5,0,2006,113000
14850,5,5,1957,1092,TA,Y,1092,1092,1,2,1,3,6,0,2006,141000
11040,4,6,1920,637,Gd,Y,897,1336,1,3,1,3,7,47,2006,108000
21872,7,5,1996,729,Ex,Y,729,1446,2,3,1,3,6,22,2008,175000
3196,7,5,2003,1374,Ex,Y,1557,1557,2,2,1,4,7,20,2006,234000
11341,5,6,1957,1392,TA,Y,1392,1392,1,3,1,3,5,0,2010,121500
10010,5,5,1974,1389,Gd,Y,1389,1389,1,2,1,3,6,38,2006,170000
13907,5,6,1940,996,Ex,Y,996,996,1,3,1,3,6,0,2008,108000
21780,6,7,1918,1163,Ex,Y,1163,1674,2,4,1,3,8,36,2008,185000
13346,7,5,1992,1095,Ex,Y,1166,2295,2,4,1,4,9,40,2006,268000
6858,6,4,1915,806,TA,N,841,1647,1,4,1,2,6,66,2010,128000
11198,9,5,2005,1122,Ex,Y,1134,2504,2,4,1,5,11,39,2008,325000
10171,7,5,2004,1517,Ex,Y,1535,1535,2,3,1,4,7,0,2010,214000
12327,8,8,1983,1496,Ex,Y,1496,2132,1,1,1,4,5,40,2009,316600
7032,5,5,1979,943,TA,Y,943,943,1,2,1,3,4,0,2006,135960
13101,5,5,1965,1728,TA,Y,1728,1728,2,6,2,3,10,0,2008,142600
7332,6,6,1959,864,Ex,Y,864,864,1,2,1,4,4,0,2006,120000
13159,7,5,2009,846,Gd,Y,846,1692,2,3,1,4,6,114,2009,224500
9967,7,5,2000,384,Ex,Y,774,1430,2,3,1,3,8,0,2007,170000
10500,5,7,1971,372,TA,Y,576,1109,1,3,1,3,5,0,2007,139000
8480,5,5,1947,832,TA,Y,832,1216,1,2,1,3,6,0,2008,118500
6292,7,7,1928,861,Gd,Y,877,1477,2,3,1,3,6,50,2009,145000
11777,5,6,1966,1164,Ex,Y,1320,1320,1,3,1,3,6,68,2006,164500
3604,7,5,2007,689,Ex,Y,703,1392,2,2,1,4,5,102,2008,146000
12150,5,5,1954,1050,Ex,N,1050,1795,2,4,1,3,7,0,2008,131500
14585,6,6,1960,1144,Ex,Y,1429,1429,1,3,1,4,7,110,2007,181900
12704,8,5,2008,2042,Ex,Y,2042,2042,2,3,1,5,8,90,2009,253293
11841,6,5,1990,816,TA,Y,816,816,1,3,1,3,5,32,2007,118500
13500,10,9,1893,1237,Gd,Y,1521,2775,3,3,1,4,9,502,2008,325000
6120,4,7,1935,884,Ex,Y,989,1573,1,3,1,4,6,0,2009,133000
11443,8,5,2005,1868,Ex,Y,2028,2028,2,2,1,4,7,66,2006,369900
10267,6,7,1918,816,Ex,Y,838,838,1,2,1,2,5,0,2008,130000
8740,5,6,1982,840,TA,Y,860,860,1,2,1,3,4,0,2009,137000
25095,5,8,1968,1437,Ex,Y,1473,1473,1,1,1,5,5,48,2009,143000
9100,5,6,1930,742,TA,Y,779,935,1,2,1,3,4,0,2008,79500
8320,7,5,2004,770,Ex,Y,770,1582,2,3,1,4,6,45,2008,185900
13478,10,5,2008,1722,Ex,Y,1728,2296,2,3,1,5,10,274,2009,451950
6600,5,8,1982,816,Ex,Y,816,816,1,2,1,3,4,0,2008,138000
4435,6,5,2003,848,Ex,Y,848,848,1,1,1,4,4,0,2009,140000
7990,5,6,1975,924,TA,Y,924,924,1,3,1,3,5,0,2008,110000
11302,8,5,2005,1814,Ex,Y,1826,1826,2,3,1,4,7,75,2006,319000
3600,6,7,1910,684,Ex,N,684,1368,1,3,1,3,7,158,2006,114504
3922,7,5,2006,1258,Ex,Y,1402,1402,0,2,1,4,7,16,2007,194201
12984,5,6,1977,1430,Ex,Y,1647,1647,2,3,1,4,7,0,2006,217500
1950,6,6,1980,716,TA,Y,716,1556,2,3,1,3,6,0,2008,151000
10927,8,5,2005,1058,Ex,Y,1058,1904,2,3,1,5,8,60,2006,275000
9000,6,6,1937,780,TA,Y,780,1375,1,3,1,4,6,162,2007,141000
10041,8,5,1992,908,Ex,Y,927,1915,2,3,1,4,8,150,2006,220000
3182,7,5,2004,600,Ex,Y,600,1200,2,2,1,4,4,172,2010,151000
12803,7,5,2002,1494,Ex,Y,1494,1494,2,3,1,4,6,36,2008,221000
13600,7,6,1965,768,TA,Y,1186,1986,2,3,1,3,7,42,2009,205000
12464,5,5,1996,1040,Gd,Y,1040,1040,1,3,1,4,6,0,2009,152000
7800,5,8,1948,896,Ex,Y,1112,2008,3,3,1,5,8,0,2006,225000
12168,8,6,1934,965,TA,Y,1940,3194,2,4,1,3,10,0,2007,359100
7943,4,5,1961,1029,Gd,Y,1029,1029,1,3,1,3,5,0,2007,118500
11050,9,5,2000,1440,Ex,Y,1476,2153,2,3,1,5,8,142,2009,313000
10395,6,6,1978,1032,TA,Y,1032,1032,2,3,1,3,6,0,2007,148000
11885,8,5,2001,1299,Ex,Y,1299,1872,2,3,1,5,7,122,2009,261500
8402,5,5,2007,1120,Ex,Y,1120,1120,1,3,1,3,6,30,2007,147000
1491,4,6,1972,630,Ex,Y,630,630,1,1,1,3,3,24,2010,75500
8800,6,7,1963,936,Ex,Y,1054,1054,1,3,1,4,6,0,2010,137500
7861,6,5,2002,783,Ex,Y,807,1509,2,3,1,4,7,75,2006,183200
7227,6,6,1954,832,Gd,Y,832,832,1,2,1,4,4,0,2008,105500
11694,9,5,2007,1822,Ex,Y,1828,1828,2,3,1,4,9,108,2007,314813
12244,8,5,2003,1482,Ex,Y,1482,2262,2,4,1,4,10,0,2008,305000
8248,3,3,1914,864,TA,N,864,864,1,2,1,3,5,0,2008,67000
10800,6,7,1974,1522,TA,Y,1548,2614,2,4,1,3,9,243,2008,240000
7064,5,6,1977,980,TA,Y,980,980,1,3,1,3,6,0,2009,135000
2117,6,5,2000,756,Ex,Y,756,1512,2,2,1,4,4,32,2007,168500
10400,6,5,1972,732,Gd,Y,1012,1790,1,4,1,3,8,0,2006,165150
10000,6,6,1962,1116,TA,Y,1116,1116,1,3,1,3,5,0,2010,160000
12342,5,5,1960,978,TA,Y,1422,1422,1,3,1,3,6,0,2007,139900
9600,6,6,1955,1156,Ex,Y,1520,1520,1,3,1,3,7,0,2010,153000
11606,5,5,1969,1040,TA,Y,1040,2080,1,5,1,2,9,0,2007,135000
9020,6,5,1964,1248,TA,Y,1350,1350,1,3,1,3,6,0,2008,168500
9000,5,6,1880,636,TA,Y,1089,1750,1,3,1,5,8,0,2006,124000
4590,8,5,2006,1554,Ex,Y,1554,1554,2,2,1,4,6,73,2007,209500
11900,7,5,1977,1386,TA,Y,1411,1411,2,3,1,3,6,0,2009,82500
9250,5,7,1954,1056,TA,Y,1056,1056,1,3,1,3,6,0,2007,139400
6979,6,5,1980,1056,Gd,Y,1056,1056,0,0,2,3,4,56,2010,144000
10896,6,7,1914,1440,Ex,Y,1440,3395,2,8,2,2,14,110,2007,200000
6120,2,3,1936,264,Fa,N,800,800,1,1,1,2,4,0,2009,60000
6000,5,4,1954,811,TA,Y,811,1387,2,3,2,4,7,0,2009,93000
8777,5,7,1910,796,Gd,Y,796,796,1,2,1,3,4,0,2008,85000
3982,8,5,2006,1520,Ex,Y,1567,1567,2,1,1,5,7,0,2006,264561
12677,8,5,2003,1518,Ex,Y,1518,1518,1,1,1,5,6,140,2008,274000
7050,7,5,2001,1057,Ex,Y,1057,1929,2,3,1,4,7,235,2007,226000
13860,8,7,1972,1952,Gd,Y,2000,2704,2,4,1,5,9,111,2009,345000
10793,5,5,1969,780,Ex,Y,780,1620,2,4,1,3,7,0,2007,152000
9187,9,5,2009,1766,Ex,Y,1766,1766,2,2,1,5,7,130,2009,370878
10530,6,5,1971,981,TA,Y,981,981,1,3,1,3,5,312,2007,143250
7200,5,5,1950,0,Gd,Y,1048,1048,1,3,1,3,7,27,2008,98300
10452,6,5,1953,1094,Ex,Y,1094,1094,1,3,1,3,5,0,2008,155000
7700,6,5,1966,756,TA,Y,1051,1839,1,4,1,3,7,124,2010,155000
1936,4,6,1970,630,Gd,Y,630,630,1,1,1,3,3,0,2007,84500
8125,7,6,2007,813,Ex,Y,822,1665,2,3,1,4,7,0,2008,205950
9084,4,5,1940,755,TA,Y,755,1510,1,4,1,3,7,0,2009,108000
8750,7,5,1996,880,Ex,Y,909,1716,2,2,1,4,7,120,2009,191000
10320,6,7,1906,756,Ex,Y,756,1469,1,3,1,3,7,0,2008,135000
10437,8,6,1995,2109,Ex,Y,2113,2113,2,2,1,4,7,46,2008,350000
1680,6,5,1971,525,TA,Y,525,1092,1,3,1,3,6,0,2010,88000
10007,5,7,1959,1053,Ex,Y,1053,1053,1,3,1,4,5,0,2008,145500
7200,7,6,1931,776,TA,Y,851,1502,1,3,1,3,6,0,2008,149000
17503,6,5,1948,912,TA,Y,912,1458,1,3,1,3,6,0,2010,97500
9937,5,7,1964,1486,Ex,Y,1486,1486,1,3,1,3,7,0,2009,167000
12384,7,7,1976,793,TA,Y,1142,1935,2,3,1,3,7,113,2007,197900
46589,8,7,1994,1629,Ex,Y,1686,2448,2,4,1,4,8,76,2009,402000
13560,6,3,1968,1392,Gd,Y,1392,1392,1,2,1,3,5,0,2009,110000
10012,4,5,1972,1138,TA,Y,1181,1181,2,3,1,3,6,0,2008,137500
20896,8,5,2005,2077,Ex,Y,2097,2097,1,1,1,5,8,267,2006,423000
11194,8,5,2000,1406,Ex,Y,1454,1936,2,3,1,4,7,124,2006,230500
18450,6,5,1965,1021,TA,Y,1465,2380,2,3,1,3,7,265,2007,129000
8125,6,5,1994,1408,Ex,Y,1679,1679,2,3,1,4,7,42,2008,193500
14175,5,6,1956,1188,Gd,Y,1437,1437,1,3,1,3,6,0,2006,168000
11600,4,5,1922,700,Ex,Y,1180,1180,1,2,1,2,5,0,2006,137500
8633,6,5,2005,738,Ex,Y,738,1476,2,3,1,4,7,35,2009,173500
6629,6,6,1925,672,TA,N,697,1369,2,3,1,3,6,0,2009,103600
11250,6,6,1977,1208,TA,Y,1208,1208,1,3,1,3,6,42,2006,165000
14442,6,7,1957,1477,Ex,Y,1839,1839,2,3,1,4,7,87,2007,257500
9200,6,6,1965,1136,TA,Y,1136,1136,1,3,1,3,5,0,2008,140000
2289,6,6,1978,855,TA,Y,855,1441,2,3,1,3,7,0,2009,148500
9600,4,2,1900,1095,Fa,N,1095,1774,2,4,2,3,8,0,2006,87000
9022,5,8,1924,768,Ex,Y,792,792,1,2,1,4,5,0,2009,109500
11844,8,5,2008,2046,Ex,Y,2046,2046,2,3,1,4,7,82,2009,372500
9945,5,5,1961,988,TA,Y,988,988,1,3,1,3,5,0,2007,128500
8012,6,5,1980,923,TA,Y,923,923,2,2,1,3,5,0,2010,143000
4500,5,5,1932,793,Ex,Y,848,1520,1,3,1,3,6,0,2009,159434
2887,6,5,1996,1291,Ex,Y,1291,1291,1,2,1,4,6,0,2008,173000
11248,9,5,2002,1626,Ex,Y,1668,1668,2,3,1,4,7,45,2007,285000
16770,7,5,1998,1195,Gd,Y,1195,1839,2,4,1,3,7,81,2010,221000
5062,7,5,1984,1190,Gd,Y,1190,2090,2,3,1,4,6,0,2007,207500
10207,7,6,2007,874,Ex,Y,874,1761,3,3,1,4,7,105,2007,227875
5105,7,5,2004,551,Ex,Y,551,1102,2,2,1,4,4,60,2007,148800
8089,8,6,2007,1419,Ex,Y,1419,1419,2,2,1,4,7,0,2007,392000
7577,6,5,2005,1362,Ex,Y,1362,1362,2,2,1,4,6,28,2007,194700
4426,6,5,2004,848,Ex,Y,848,848,1,1,1,4,3,0,2008,141000
21535,10,6,1994,2444,Ex,Y,2444,4316,3,4,1,5,10,50,2007,755000
26178,7,5,1989,1210,Ex,Y,1238,2519,2,4,1,4,9,27,2006,335000
5400,5,6,1921,1073,Ex,Y,1073,1073,1,2,1,3,4,0,2006,108480
6120,5,6,1936,927,TA,Y,1067,1539,1,3,1,3,5,0,2009,141500
13811,6,6,1987,1112,Gd,Y,1137,1137,2,2,1,4,5,0,2006,176000
6000,5,7,1921,616,Gd,Y,616,616,1,2,1,3,4,0,2006,89000
6420,5,7,1952,980,Fa,Y,1148,1148,1,2,1,3,6,0,2006,123500
8450,5,8,1965,894,Ex,Y,894,894,1,3,1,3,5,144,2010,138500
4282,7,5,2004,1391,Ex,Y,1391,1391,2,2,1,4,5,158,2008,196000
14331,8,5,2002,1800,Ex,Y,1800,1800,2,3,1,4,7,78,2006,312500
9600,7,5,1969,1164,TA,Y,1164,1164,1,3,1,3,6,0,2006,140000
12438,8,5,2006,1234,Ex,Y,1264,2576,2,4,1,5,10,100,2006,361919
7630,5,9,1900,360,Gd,Y,1032,1812,2,4,2,4,8,0,2010,140000
8400,7,5,2004,1473,Ex,Y,1484,1484,2,3,1,4,7,35,2010,213000
5600,4,5,1930,0,Fa,N,372,1092,2,3,2,2,7,0,2010,55000
115149,7,5,1971,1643,TA,Y,1824,1824,2,2,1,4,5,48,2007,302000
6240,8,5,2006,1324,Ex,Y,1324,1324,2,2,1,4,6,38,2009,254000
9018,7,5,2007,728,Ex,Y,728,1456,2,3,1,4,8,24,2007,179540
7162,5,7,1966,876,TA,Y,904,904,1,3,1,3,6,0,2008,109900
4130,3,6,1935,270,Gd,Y,729,729,1,2,1,3,5,0,2008,52000
8712,4,7,1900,859,Gd,Y,859,1178,1,2,1,3,7,0,2010,102776
4671,8,5,1988,1228,Gd,Y,1228,1228,2,2,1,4,5,120,2008,189000
9873,4,5,1970,960,TA,N,960,960,1,3,1,3,6,288,2006,129000
13517,6,8,1976,725,Ex,Y,725,1479,2,3,1,4,6,44,2010,130500
10140,6,5,1974,1064,TA,Y,1350,1350,2,3,1,3,7,0,2009,165000
10800,7,8,1890,718,Ex,Y,1576,2554,1,3,1,3,8,48,2007,159500
10000,5,6,1973,1176,Gd,Y,1178,1178,1,3,1,4,5,0,2008,157000
10542,7,5,1993,1311,Ex,Y,1325,2418,2,3,1,4,9,154,2008,341000
9920,5,6,1969,971,TA,Y,971,971,1,3,1,3,5,0,2006,128500
6563,8,5,1985,1742,TA,Y,1742,1742,2,2,1,4,5,28,2006,275000
4426,6,5,2004,848,Ex,Y,848,848,1,1,1,4,3,0,2010,143000
8120,4,7,1970,864,Ex,Y,864,864,1,3,1,3,5,0,2009,124500
8172,4,6,1954,941,Ex,Y,997,1470,2,4,1,3,7,0,2008,135000
13286,9,5,2007,1698,Ex,Y,1698,1698,2,3,1,5,8,64,2009,320000
6960,4,6,1970,864,TA,Y,864,864,1,3,1,4,5,0,2009,120500
21695,6,9,1988,880,Ex,Y,1680,1680,2,3,1,4,5,44,2009,222000
7314,7,5,2007,1232,Ex,Y,1232,1232,2,2,1,4,6,0,2009,194500
11475,5,5,1958,1584,TA,Y,1776,1776,2,4,2,3,9,25,2009,110000
6240,4,5,1925,780,TA,Y,848,1208,1,2,1,3,5,23,2009,103000
5389,8,5,1995,1595,Ex,Y,1616,1616,2,2,1,4,5,152,2010,236500
9590,7,5,2003,868,Ex,Y,1146,1146,2,3,1,4,6,22,2007,187500
11404,7,5,1998,1153,Ex,Y,1153,2031,2,3,1,4,8,84,2008,222500
10000,5,6,1961,864,Ex,Y,1144,1144,1,3,1,3,6,0,2009,131400
8978,5,5,1968,948,TA,Y,948,948,1,3,1,3,6,0,2007,108000
10800,7,7,1914,880,Fa,N,880,1768,1,2,1,3,6,341,2006,163000
8544,3,4,1950,0,Gd,N,1040,1040,2,2,2,3,6,0,2006,93500
10463,8,5,2005,893,Ex,Y,901,1801,2,3,1,4,8,116,2006,239900
10800,5,5,1987,1200,TA,Y,1200,1200,3,3,1,3,5,0,2009,179000
9313,7,5,2004,864,Ex,Y,864,1728,2,3,1,4,7,56,2009,190000
9600,5,7,1910,264,Ex,Y,768,1432,2,2,1,3,7,0,2007,132000
6768,6,8,1961,912,Gd,Y,912,912,1,3,1,4,5,0,2008,142000
8450,7,5,2000,1349,Ex,Y,1349,1349,2,3,1,3,6,55,2007,179000
12886,5,6,1963,520,Ex,Y,1464,1464,2,3,1,3,6,0,2009,175000
5395,8,5,1993,1337,Gd,Y,1337,1337,2,2,1,4,5,0,2008,180000
8963,8,9,1976,1142,Ex,Y,1175,2715,3,4,1,4,11,204,2008,299800
8795,7,5,2000,952,Ex,Y,980,2256,2,4,1,4,8,54,2009,236000
11700,7,7,1880,1240,TA,N,1320,2640,1,4,1,4,8,0,2009,265979
10593,7,5,1996,1720,Ex,Y,1720,1720,2,3,1,4,7,56,2010,260400
8405,4,3,1945,0,TA,N,1088,1529,2,4,1,3,9,0,2009,98000
8800,4,7,1910,576,Gd,Y,792,1140,1,3,1,3,7,160,2010,96500
7750,7,5,2003,660,Ex,Y,660,1320,2,3,1,4,6,48,2007,162000
9236,6,5,1997,1479,Ex,Y,1494,1494,2,3,1,4,6,27,2006,217000
10240,8,5,2005,1030,Gd,Y,1038,2098,2,3,1,5,8,52,2006,275500
7930,6,8,1969,1026,Gd,Y,1026,1026,1,3,1,4,5,48,2009,156000
3230,6,5,1999,729,Gd,Y,742,1471,2,3,1,3,6,24,2009,172500
10769,8,5,2007,866,Ex,Y,866,1768,2,3,1,4,7,105,2009,212000
11616,6,5,1978,672,TA,Y,672,1386,2,3,1,3,6,0,2010,158900
2280,7,5,1999,744,Gd,Y,757,1501,2,3,1,3,6,0,2008,179400
12257,8,5,1995,1318,Ex,Y,1328,2531,2,4,1,4,9,98,2007,290000
9100,6,6,1959,864,Ex,Y,864,864,1,2,1,3,5,0,2009,127500
6911,5,5,1924,1145,TA,Y,1301,1301,1,2,1,2,5,0,2009,100000
8640,7,5,2009,756,Ex,Y,764,1547,2,3,1,4,7,45,2010,215200
9430,8,5,1999,1252,Ex,Y,1268,2365,2,3,1,4,8,128,2009,337000
9549,8,5,1995,1494,Ex,Y,1494,1494,1,2,1,5,6,30,2006,270000
14587,9,5,2008,1498,Ex,Y,1506,1506,2,2,1,5,6,174,2008,264132
10421,7,5,1988,980,TA,Y,980,1714,2,3,1,3,7,66,2010,196500
12508,6,7,1940,983,Ex,Y,983,1750,2,4,1,3,7,0,2008,160000
9100,7,5,2004,1860,Ex,Y,1836,1836,2,3,1,4,8,33,2006,216837
53504,8,5,2003,1650,Ex,Y,1690,3279,3,4,1,5,12,36,2010,538000
7252,5,5,1982,858,TA,Y,858,858,1,2,1,3,5,0,2009,134900
8877,4,5,1951,836,TA,Y,1220,1220,1,2,1,3,6,0,2006,102000
7819,6,5,1976,1029,TA,Y,1117,1117,1,3,1,3,6,0,2010,107000
10150,5,5,1958,912,Ex,Y,912,912,1,2,1,3,5,0,2007,114500
14226,8,5,2006,1935,Gd,Y,1973,1973,2,3,1,4,9,45,2007,395000
4500,6,5,1998,1204,Ex,Y,1204,1204,2,2,1,3,5,247,2009,162000
11210,7,5,2005,1614,Ex,Y,1614,1614,2,3,1,4,7,59,2006,221500
13350,5,5,1974,864,TA,Y,894,894,1,3,1,3,5,0,2006,142500
8400,5,5,1977,0,TA,Y,2020,2020,2,4,2,3,10,0,2007,144000
10530,6,5,1977,975,TA,Y,1004,1004,1,2,1,3,4,0,2006,135000
7875,7,5,1995,1237,Gd,Y,1253,1253,2,3,1,3,6,21,2007,176000
7153,6,5,1992,761,Ex,Y,810,1603,2,3,1,4,7,124,2006,175900
16285,7,5,2001,1413,Ex,Y,1430,1430,2,3,1,4,6,33,2009,187100
9101,5,6,1978,1097,Ex,Y,1110,1110,1,1,1,4,4,30,2009,165500
6300,6,6,1914,742,Ex,Y,742,1484,2,3,1,3,9,291,2008,128000
9790,6,5,1967,1372,TA,Y,1342,1342,2,3,1,3,7,0,2009,161500
10800,5,6,1915,686,TA,Y,966,1652,2,4,1,3,7,0,2010,139000
10142,7,5,2004,956,Ex,Y,956,2084,2,4,1,4,8,45,2010,233000
6000,4,7,1954,901,Ex,Y,901,901,1,2,1,3,4,0,2008,107900
12205,6,8,1966,832,Gd,Y,976,2087,2,5,1,4,9,168,2007,187500
3182,7,5,2005,1145,Ex,Y,1145,1145,2,2,1,4,5,16,2009,160200
11333,6,5,1976,1029,TA,Y,1062,1062,1,3,1,3,5,0,2007,146800
9920,7,5,1996,1117,Ex,Y,1127,2013,2,3,1,3,8,130,2007,269790
9158,8,5,2007,1496,Ex,Y,1496,1496,2,3,1,4,7,130,2007,225000
10832,7,5,1994,712,Ex,Y,1086,1895,2,3,1,4,7,46,2008,194500
8400,6,6,1980,650,TA,Y,888,1564,2,3,1,3,7,50,2010,171000
8197,6,5,1977,660,Ex,Y,1285,1285,1,3,1,3,7,0,2007,143500
7677,5,5,1953,773,Gd,Y,773,773,1,2,1,3,4,0,2008,110000
13518,9,5,2008,1926,Ex,Y,1966,3140,3,4,1,5,11,78,2009,485000
7200,5,7,1937,731,Ex,Y,981,1768,1,3,1,4,7,0,2007,175000
12798,6,5,1997,616,Gd,Y,616,1688,2,4,1,4,8,114,2008,200000
4800,4,7,1916,1196,Ex,Y,1196,1196,1,2,1,3,5,0,2007,109900
8199,7,5,2005,728,Ex,Y,728,1456,2,3,1,4,7,18,2008,189000
13891,9,5,2008,1734,Ex,Y,1734,2822,3,4,1,5,12,170,2009,582933
9000,5,5,1954,936,TA,Y,1128,1128,1,2,1,3,5,0,2006,118000
12274,7,5,2008,1417,Ex,Y,1428,1428,2,3,1,5,6,60,2008,227680
9750,5,5,1967,980,Gd,Y,980,980,2,3,1,3,6,0,2006,135500
21384,5,6,1923,1324,Ex,Y,1072,1576,1,3,1,4,6,312,2009,223500
13400,5,5,1966,1024,TA,Y,1086,1086,1,3,1,3,6,0,2006,159950
8100,5,5,1898,849,TA,N,1075,2138,2,2,3,3,11,156,2009,106000
10140,6,6,1974,1040,Fa,Y,1309,1309,1,3,1,4,5,0,2006,181000
4438,6,5,2004,848,Ex,Y,848,848,1,1,1,4,4,0,2008,144500
8712,5,5,1952,540,TA,N,1044,1044,1,2,1,2,4,0,2010,55993
9750,6,6,1958,1442,Gd,Y,1442,1442,1,4,1,3,7,0,2007,157900
8248,5,7,1918,686,Gd,Y,686,1250,1,3,1,2,7,0,2006,116000
12137,7,5,1998,1649,Ex,Y,1661,1661,2,3,1,4,6,34,2010,224900
11425,5,6,1954,1008,Gd,Y,1008,1008,1,2,1,3,4,0,2006,137000
13265,8,5,2002,1568,Ex,Y,1689,1689,2,3,1,4,7,59,2008,271000
8816,6,7,1971,1010,Gd,Y,1052,1052,1,3,1,3,6,0,2010,155000
6371,7,5,2009,1358,Ex,Y,1358,1358,2,2,1,4,6,35,2010,224000
7226,7,5,2003,798,Ex,Y,798,1640,2,3,1,4,6,45,2008,183000
6000,4,4,1953,936,TA,N,936,936,1,2,1,3,4,32,2009,93000
12394,7,5,2003,847,Ex,Y,847,1733,2,3,1,4,7,48,2007,225000
9900,6,7,1940,778,TA,Y,944,1489,2,3,1,3,7,0,2009,139500
11216,8,5,2006,1489,Ex,Y,1489,1489,2,3,1,4,7,140,2006,232600
14803,10,5,2007,2078,Ex,Y,2084,2084,2,2,1,5,7,45,2008,385000
6130,5,6,1924,784,Gd,Y,784,784,1,2,1,4,5,0,2008,109500
8529,7,5,2001,1454,Ex,Y,1434,1434,2,3,1,4,6,39,2009,189000
28698,5,5,1967,1013,TA,Y,1160,2126,2,3,1,3,7,0,2009,185000
2544,7,5,2005,600,Ex,Y,520,1223,2,2,1,4,4,166,2006,147400
11900,6,5,1957,1392,TA,Y,1392,1392,1,3,1,3,6,0,2008,166000
3180,7,5,2005,600,Ex,Y,520,1200,2,2,1,4,4,166,2006,151000
9548,7,6,2003,941,Ex,Y,941,1829,2,3,1,4,7,39,2010,237000
10004,6,6,1964,1516,TA,Y,1516,1516,1,3,1,3,6,0,2009,167000
7875,5,6,1961,1144,Gd,Y,1144,1144,1,3,1,3,6,0,2008,139950
9600,4,7,1950,1067,TA,Y,1067,1067,2,2,1,4,4,0,2010,128000
8100,5,6,1948,1559,Gd,Y,1559,1559,1,2,1,3,5,116,2007,153500
1680,6,5,1973,483,TA,Y,483,987,1,2,1,3,5,0,2008,100000
9525,5,6,1995,1099,Ex,Y,1099,1099,1,3,1,4,6,0,2008,144000
11767,5,6,1946,768,Ex,Y,768,1200,1,3,1,3,6,0,2008,130500
12155,6,8,1925,672,TA,N,810,1482,2,4,1,2,7,0,2008,140000
10440,5,8,1904,650,Gd,Y,958,1539,2,3,1,4,8,78,2008,157500
9020,6,7,1966,1127,TA,Y,1165,1165,1,3,1,3,6,129,2008,174900
8000,5,4,1961,1800,Ex,N,1800,1800,2,6,2,3,10,0,2007,141000
12665,5,8,1915,876,Gd,Y,876,1416,1,4,1,3,7,0,2008,153900
16647,5,5,1975,1390,TA,Y,1701,1701,2,3,1,3,6,0,2007,171000
9317,7,5,1993,740,Ex,Y,1006,1775,2,3,1,4,7,72,2009,213000
15523,5,6,1972,864,Ex,Y,864,864,1,3,1,3,5,0,2009,133500
45600,6,8,1908,907,TA,Y,1307,2358,3,5,1,3,10,40,2008,240000
9600,6,7,1976,528,Ex,Y,1094,1855,2,3,1,3,7,100,2007,187000
4435,6,5,2003,848,Ex,Y,848,848,1,1,1,4,3,0,2007,131500
3196,8,5,2003,1273,Ex,Y,1456,1456,2,2,1,4,7,20,2006,215000
7128,7,5,1941,918,Gd,Y,918,1646,2,4,1,3,7,0,2007,164000
12095,6,6,1964,1127,TA,Y,1445,1445,1,3,1,3,7,0,2009,158000
17920,5,4,1955,1763,TA,Y,1779,1779,1,3,1,3,6,418,2006,170000
6897,5,8,1962,1040,Ex,Y,1040,1040,1,3,1,3,6,104,2010,127000
10970,6,6,1978,940,TA,Y,1026,1026,1,3,1,3,5,0,2008,147000
8125,6,5,1994,702,Gd,Y,702,1481,2,3,1,3,6,36,2009,174000
10400,7,5,1976,1090,TA,Y,1370,1370,2,3,1,3,6,0,2009,152000
11029,6,7,1968,1054,TA,Y,1512,2654,2,4,1,4,9,65,2006,250000
7642,7,8,1918,912,Gd,Y,912,1426,1,3,1,4,7,240,2007,189950
11625,5,4,1965,1039,Ex,Y,1039,1039,1,3,1,3,6,0,2010,131500
9672,6,5,1984,1040,TA,Y,1097,1097,2,3,1,3,6,0,2010,152000
7931,5,5,1959,1148,TA,Y,1148,1148,1,3,1,3,6,0,2009,132500
8640,7,5,2007,1372,Ex,Y,1372,1372,2,3,1,4,6,140,2008,250580
8750,5,6,1970,1002,TA,Y,1002,1002,1,3,1,3,5,0,2009,148500
10656,8,5,2006,1638,Ex,Y,1646,1646,2,3,1,4,6,80,2007,248900
6970,4,5,1961,1040,TA,Y,1120,1120,1,3,1,2,5,0,2007,129000
14762,5,6,1948,0,Gd,Y,1547,2320,2,2,1,3,7,144,2006,169000
9938,7,5,1993,1050,Ex,Y,1062,1949,2,3,1,4,8,90,2010,236000
6600,5,5,1962,894,Gd,N,894,894,1,2,1,3,5,0,2009,109500
8750,6,5,1998,804,Ex,Y,804,1682,2,3,1,4,7,77,2010,200500
8892,5,7,1953,105,Gd,Y,910,910,1,3,1,4,5,0,2008,116000
12144,5,7,1949,832,Gd,Y,1036,1268,1,3,1,3,6,28,2009,133000
5720,5,6,1941,676,Ex,Y,676,1131,1,3,1,3,5,0,2009,66500
9000,8,5,2007,1184,Ex,Y,1184,2610,2,4,1,5,11,364,2007,303477
25286,4,5,1963,1064,Gd,Y,1040,1040,1,3,1,3,5,0,2007,132250
8834,9,5,2004,1462,Ex,Y,1462,2224,2,4,1,5,10,0,2009,350000
11782,5,7,1961,1109,TA,Y,1155,1155,1,3,1,4,6,0,2010,148000
7000,5,8,1978,864,Ex,Y,864,864,1,3,1,3,6,0,2009,136500
7024,5,5,2005,1090,Gd,Y,1090,1090,1,2,1,3,5,49,2007,157000
13758,7,5,1990,1156,Ex,Y,1187,1717,2,3,1,4,7,36,2007,187500
9636,6,5,1992,808,Gd,Y,808,1593,2,3,1,3,7,40,2009,178000
6204,4,5,1912,795,TA,N,954,2230,1,5,1,3,10,188,2006,118500
7150,5,5,1967,892,TA,Y,892,892,1,3,1,3,5,0,2009,100000
5119,9,5,1999,1698,Ex,Y,1709,1709,2,2,1,4,5,65,2008,328900
8393,5,5,1959,1626,Ex,Y,1712,1712,2,4,2,3,8,54,2006,145000
16466,5,7,1955,816,TA,Y,872,1393,1,3,1,3,8,0,2008,135500
15865,8,6,1970,2217,Ex,Y,2217,2217,2,4,1,4,8,207,2007,268000
12160,6,4,1953,1505,Ex,Y,1505,1505,1,2,1,3,6,0,2009,149500
8064,5,7,1949,672,Ex,Y,672,924,1,3,1,3,6,0,2007,122900
11184,6,5,1978,918,Gd,Y,918,1683,2,3,1,3,7,0,2009,172500
8414,6,8,1963,1059,TA,Y,1068,1068,1,3,1,3,6,0,2006,154500
13284,5,5,1954,1383,TA,Y,1383,1383,1,3,1,3,6,116,2008,165000
7018,5,5,1979,0,TA,Y,1535,1535,2,4,2,3,8,0,2009,118858
7056,6,5,1963,780,TA,Y,983,1796,1,4,1,3,8,50,2008,140000
8765,4,6,1936,951,Ex,N,951,951,1,2,1,3,6,28,2006,106500
7018,5,5,1979,0,TA,Y,1120,2240,2,6,2,3,12,0,2009,142953
12919,9,5,2009,2330,Ex,Y,2364,2364,2,2,1,5,11,67,2010,611657
6993,5,7,1961,912,TA,Y,1236,1236,1,3,1,3,6,0,2006,135000
7340,4,6,1971,858,TA,Y,858,858,1,2,1,3,4,0,2007,110000
8712,5,7,1957,992,TA,Y,1306,1306,1,2,1,3,5,0,2009,153000
7875,7,5,2003,783,Ex,Y,807,1509,2,3,1,4,8,75,2006,180000
14859,7,5,2006,1670,Ex,Y,1670,1670,2,3,1,4,7,60,2006,240000
6173,5,6,1967,876,TA,Y,902,902,1,3,1,3,6,0,2007,125500
9920,5,5,1954,1056,TA,Y,1063,1063,1,3,1,3,6,0,2010,128000
13501,8,5,2006,1623,Ex,Y,1636,1636,2,3,1,4,8,60,2007,255000
11500,7,7,1936,1017,Gd,Y,1020,2057,1,3,1,4,6,0,2006,250000
8885,5,5,1983,864,TA,Y,902,902,1,2,1,3,5,0,2006,131000
12589,6,5,2005,742,Ex,Y,742,1484,2,3,1,4,8,24,2009,174000
11600,5,5,1960,1105,TA,Y,1105,2274,2,5,2,3,12,0,2010,154300
9286,5,7,1977,1268,TA,Y,1268,1268,1,3,1,4,5,0,2009,143500
6120,5,7,1925,768,TA,N,1015,1015,1,3,1,3,6,0,2006,88000
6270,5,6,1949,1001,TA,N,1001,2002,2,4,2,3,8,0,2007,145000
3000,6,5,2009,612,Ex,Y,612,1224,2,2,1,4,4,234,2009,173733
2001,4,5,1970,546,Fa,Y,546,1092,1,3,1,3,6,0,2007,75000
9000,2,3,1949,480,TA,N,480,480,0,1,1,3,4,0,2006,35311
17140,4,6,1956,1134,Ex,Y,1229,1229,1,3,1,3,6,0,2009,135000
13125,7,5,1991,1104,Ex,Y,912,2127,2,4,1,4,8,192,2007,238000
11029,6,8,1958,1184,Ex,Y,1414,1414,1,3,1,3,6,51,2008,176500
8462,6,5,1994,928,Ex,Y,936,1721,2,3,1,4,7,87,2007,201000
8777,5,7,1900,1272,Gd,Y,1272,2200,2,4,2,3,9,70,2008,145900
10237,6,5,2005,1316,Ex,Y,1316,1316,2,3,1,4,6,0,2006,169990
8012,6,5,1993,1604,Ex,Y,1617,1617,2,2,1,4,5,69,2008,193000
10240,6,6,1980,1686,TA,Y,1686,1686,2,3,1,3,7,131,2006,207500
15611,5,6,1977,1126,TA,Y,1126,1126,2,3,1,5,6,0,2008,175000
11999,8,5,2003,1181,Ex,Y,1234,2374,2,4,1,5,10,100,2007,285000
9900,7,5,1968,832,Gd,Y,1098,1978,2,4,1,3,9,43,2008,176000
11838,8,5,2001,1753,Ex,Y,1788,1788,2,3,1,5,7,151,2009,236500
13006,7,5,1997,964,Gd,Y,993,2236,2,4,1,4,8,0,2006,222000
8925,8,5,2007,1466,Ex,Y,1466,1466,2,3,1,4,7,18,2009,201000
9100,5,6,1965,925,Ex,Y,925,925,1,2,1,3,5,0,2009,117500
11670,9,5,2006,1905,Ex,Y,1905,1905,2,3,1,5,8,191,2007,320000
8487,7,5,2004,1500,Ex,Y,1500,1500,2,3,1,4,6,36,2009,190000
27650,7,7,1960,585,Ex,Y,2069,2069,2,4,1,4,9,0,2008,242000
5825,4,5,1926,600,Gd,Y,747,747,1,1,1,3,5,0,2006,79900
10083,7,5,2003,1176,Ex,Y,1200,1200,2,2,1,4,5,41,2009,184900
9675,7,5,2005,1113,Ex,Y,1113,1971,2,3,1,4,8,48,2009,253000
8760,7,5,2006,1391,Ex,Y,1391,1962,2,3,1,4,7,90,2006,239799
24090,7,7,1940,1032,Ex,Y,1207,2403,2,4,1,3,10,0,2010,244400
12640,6,5,1976,1728,TA,Y,1728,1728,2,4,2,3,8,0,2006,150900
8755,7,5,1999,992,Ex,Y,1022,2060,2,3,1,4,8,0,2009,214000
7711,4,3,1977,1440,TA,Y,1440,1440,2,4,2,3,8,0,2007,150000
25000,5,4,1967,1632,TA,Y,1632,1632,2,4,2,3,8,0,2007,143000
14375,6,6,1958,819,Gd,Y,1344,1344,1,3,1,4,7,118,2009,137500
8820,5,6,1890,1088,TA,Y,1188,1869,1,2,1,3,7,0,2009,124900
8163,5,6,1959,1144,TA,Y,1144,1144,1,3,1,3,6,0,2006,143000
14536,8,5,2002,1616,Ex,Y,1629,1629,2,3,1,4,9,252,2007,270000
14006,7,5,2002,936,Ex,Y,936,1776,2,3,1,4,7,96,2006,192500
9360,6,7,1972,1161,TA,Y,1381,1381,1,3,1,4,5,0,2010,197500
7200,5,8,1950,864,Gd,Y,864,864,1,3,1,4,5,0,2007,129000
7800,5,5,1965,828,Gd,Y,965,965,1,3,1,3,6,0,2006,119900
7200,5,8,1972,768,Gd,Y,768,768,1,2,1,3,5,0,2009,133900
11075,5,4,1969,784,Ex,Y,1168,1968,2,4,1,3,7,189,2008,172000
9400,6,5,1975,945,TA,Y,980,980,2,4,0,3,4,0,2006,127500
7136,6,6,1946,979,TA,N,979,1958,2,4,2,3,8,0,2007,145000
1300,6,6,1980,561,TA,Y,561,1229,1,2,1,3,5,0,2009,124000
7420,5,5,1962,1057,TA,Y,1057,1057,1,3,1,3,6,0,2007,132000
8450,7,5,2003,1337,Ex,Y,1337,1337,2,3,1,4,6,39,2007,185000
2572,7,5,1999,696,Ex,Y,696,1416,2,3,1,4,6,44,2010,155000
7207,5,7,1958,858,Gd,Y,858,858,1,2,1,3,4,0,2010,116500
12227,6,7,1977,1330,TA,Y,1542,2872,2,4,1,3,11,282,2008,272000
2308,6,6,1976,804,TA,Y,804,1548,2,3,1,4,7,0,2007,155000
11923,9,5,2007,1800,Ex,Y,1800,1800,2,2,1,5,7,136,2009,239000
11316,7,5,2002,817,Ex,Y,824,1894,2,4,1,4,8,40,2010,214900
10237,6,5,2005,783,Ex,Y,783,1484,2,3,1,4,8,72,2007,178900
9600,5,7,1940,728,Ex,Y,976,1308,1,2,1,3,7,70,2009,160000
7390,5,7,1955,1098,TA,Y,1098,1098,1,3,1,3,6,0,2008,135000
5925,3,6,1910,600,Fa,N,600,968,1,2,1,3,6,0,2009,37900
10382,6,5,1958,588,TA,Y,1095,1095,1,2,1,3,6,0,2006,140000
10800,4,4,1949,720,TA,N,720,1192,1,4,1,3,6,0,2006,135000
2268,7,5,2003,764,Ex,Y,764,1626,2,2,1,4,6,27,2009,173000
7892,6,5,1979,918,TA,Y,918,918,2,2,1,3,5,0,2010,99500
11639,7,5,2007,1428,Ex,Y,1428,1428,2,3,1,4,6,120,2008,182000
11414,7,8,1910,728,TA,N,1136,2019,1,3,1,4,8,135,2009,167500
2651,7,5,2000,673,Ex,Y,673,1382,2,3,1,4,6,50,2006,165000
5900,4,7,1923,440,TA,Y,869,869,1,2,1,2,4,0,2006,85500
4274,7,5,2006,1241,Ex,Y,1241,1241,1,1,1,4,4,116,2007,199900
9450,4,5,1954,894,Ex,Y,894,894,1,3,1,3,5,0,2007,110000
8816,5,6,1963,1121,TA,Y,1121,1121,1,3,1,3,5,80,2009,139000
12122,7,9,1961,944,Gd,Y,999,999,1,3,1,5,6,76,2008,178400
12203,8,5,1998,1225,Ex,Y,1276,2612,2,4,1,4,8,0,2009,336000
3182,7,5,2007,1266,Ex,Y,1266,1266,2,2,1,4,6,16,2008,159895
11250,8,5,2002,1128,Ex,Y,1149,2290,2,4,1,4,9,0,2008,255900
10125,5,5,1977,0,TA,Y,1302,1734,2,4,2,4,8,0,2009,126000
10880,5,5,1950,1164,TA,N,1164,1164,1,3,1,3,5,48,2008,125000
5310,6,8,1910,485,Gd,Y,1001,1635,1,2,1,4,5,0,2006,117000
10159,9,5,2009,1930,Ex,Y,1940,1940,2,3,1,5,8,95,2010,395192
12046,6,6,1976,848,TA,Y,1118,2030,2,4,1,4,8,224,2007,195000
8125,7,5,2006,770,Ex,Y,778,1576,2,3,1,4,6,50,2006,197000
9452,8,5,1997,1396,Ex,Y,1407,2392,2,3,1,4,7,70,2006,348000
17671,8,9,1882,916,Gd,Y,916,1742,1,4,1,4,8,169,2009,168000
9760,6,8,1964,822,Gd,Y,1020,1851,2,3,1,4,7,42,2007,187000
8846,6,5,2005,750,Ex,Y,750,1500,2,3,1,4,6,35,2006,173900
12456,10,5,2006,1700,Ex,Y,1718,1718,2,3,1,5,7,48,2009,337500
4712,4,7,1946,747,TA,Y,774,1230,1,3,1,3,5,57,2006,121600
10659,5,6,1961,1050,TA,Y,1050,1050,1,3,1,3,6,319,2006,136500
11717,6,6,1970,1442,TA,Y,1442,1442,2,2,1,3,6,0,2009,185000
9786,3,4,1922,1007,Fa,N,1077,1077,1,3,1,3,6,100,2006,91000
6762,7,5,2006,1187,Ex,Y,1208,1208,2,2,1,4,6,61,2010,206000
10206,3,3,1952,0,Fa,N,944,944,1,2,1,2,4,0,2009,82000
5400,5,6,1920,691,Ex,Y,691,691,1,2,1,5,4,20,2007,86000
11957,8,5,2006,1574,Ex,Y,1574,1574,2,3,1,4,7,104,2008,232000
11500,5,6,1976,1680,Fa,Y,1680,1680,2,4,2,3,8,0,2007,136905
3182,7,5,2005,1346,Ex,Y,1504,1504,2,1,1,4,7,0,2009,181000
8385,5,8,1977,985,TA,Y,985,985,2,3,1,3,6,0,2008,149900
12155,6,3,1970,1657,Gd,Y,1657,1657,2,3,1,3,7,0,2007,163500
2217,4,4,1970,546,TA,Y,546,1092,1,3,1,3,6,0,2009,88000
12118,7,5,2004,1710,Ex,Y,1710,1710,2,3,1,4,7,48,2009,240000
6000,5,5,1926,1008,Ex,Y,1008,1522,2,4,1,3,7,0,2006,102000
21286,5,5,1948,720,TA,Y,720,1271,2,4,1,3,7,0,2008,135000
9825,5,5,1965,0,TA,N,1664,1664,2,4,2,3,8,0,2010,100000
10592,6,7,1923,602,TA,Y,900,1502,1,3,1,4,7,0,2007,165000
7200,5,4,1910,1022,TA,N,1022,1022,1,2,1,3,4,30,2009,85000
11664,6,5,1948,1082,TA,Y,1082,1082,1,2,1,3,5,130,2007,119200
8400,8,6,2001,810,Ex,Y,810,1665,2,3,1,4,6,45,2009,227000
11883,7,5,1996,1504,Ex,Y,1504,1504,2,3,1,4,6,66,2009,203000
5814,8,5,1984,1220,Gd,Y,1360,1360,1,1,1,4,4,0,2009,187500
10784,7,5,1991,384,Gd,Y,802,1472,2,3,1,4,7,0,2007,160000
3013,7,5,2005,1362,Ex,Y,1506,1506,2,2,1,4,6,20,2006,213490
7024,4,5,2005,1132,Ex,Y,1132,1132,1,2,1,4,5,64,2008,176000
7406,7,5,2006,1199,Ex,Y,1220,1220,2,2,1,4,6,54,2006,194000
9439,5,5,1930,912,Gd,Y,912,1248,1,2,1,3,6,0,2007,87000
3182,7,5,2005,1346,Ex,Y,1504,1504,2,2,1,4,7,20,2008,191000
15498,8,6,1976,1565,TA,Y,2898,2898,2,2,1,4,10,72,2008,287000
7700,5,5,1972,882,TA,Y,882,882,1,3,1,3,5,0,2007,112500
9300,5,5,1960,1268,TA,Y,1264,1264,1,3,1,3,6,0,2010,167500
9520,8,5,2007,1638,Ex,Y,1646,1646,2,3,1,4,7,44,2008,293077
9492,5,5,1941,768,TA,Y,968,1376,1,3,1,3,6,0,2007,105000
1680,6,7,1972,672,Gd,Y,672,1218,1,3,1,3,7,28,2006,118000
7082,5,8,1916,686,Gd,Y,948,1928,2,5,2,3,10,0,2006,160000
15863,7,3,1920,824,Ex,Y,1687,3082,2,5,1,3,12,63,2009,197000
14541,8,7,1993,1338,Ex,Y,1352,2520,2,5,1,4,10,55,2006,310000
8125,7,5,2002,1654,Ex,Y,1654,1654,2,3,1,4,6,136,2006,230000
6305,5,7,1938,920,Ex,Y,954,954,1,2,1,2,5,0,2007,119750
11500,4,3,1957,0,Ex,N,845,845,1,3,1,3,5,0,2009,84000
12898,9,5,2007,1620,Ex,Y,1620,1620,2,2,1,5,6,0,2009,315500
9240,8,5,2001,1055,Ex,Y,1055,2263,2,3,1,4,7,45,2008,287000
1533,4,6,1970,546,TA,Y,798,1344,1,3,1,3,6,0,2009,97000
1477,4,4,1970,630,TA,Y,630,630,1,1,1,3,3,0,2009,80000
13125,5,4,1957,1134,Ex,Y,1803,1803,2,3,1,3,8,0,2006,155000
9130,6,8,1966,800,Gd,Y,800,1632,1,4,1,4,7,40,2008,173000
5381,6,5,2005,1306,Ex,Y,1306,1306,2,1,1,4,5,63,2009,196000
11839,7,5,1990,1475,Ex,Y,1532,2329,2,4,1,4,10,121,2008,262280
9600,8,5,1981,2524,TA,Y,2524,2524,2,4,1,4,9,120,2009,278000
13680,3,5,1955,0,Ex,Y,1733,1733,2,4,1,3,8,0,2009,139600
16056,9,5,2005,1992,Ex,Y,1992,2868,3,4,1,5,11,108,2006,556581
9245,5,5,1994,990,Ex,Y,990,990,1,3,1,3,5,0,2008,145000
21750,5,4,1960,0,TA,Y,1771,1771,1,3,1,3,9,0,2009,115000
11100,4,7,1946,0,Ex,Y,930,930,1,2,1,4,6,0,2010,84900
8993,7,5,2007,1302,Ex,Y,1302,1302,2,3,1,4,6,22,2007,176485
11175,7,5,2007,1316,Ex,Y,1316,1316,2,3,1,4,6,20,2007,200141
9500,6,6,1964,816,TA,Y,1127,1977,1,4,1,3,9,52,2007,165000
8562,5,6,1957,1216,Ex,Y,1526,1526,1,4,1,3,7,78,2010,144500
11367,8,5,2002,1065,Ex,Y,1091,1989,2,3,1,4,7,60,2006,255000
11361,6,5,1976,1193,TA,Y,1523,1523,2,3,1,3,7,0,2008,180000
7052,7,5,2005,1364,Ex,Y,1364,1364,2,2,1,4,6,36,2006,185850
29959,7,6,1994,973,Ex,Y,979,1850,2,3,1,4,7,98,2009,248000
11308,9,5,2008,1104,Ex,Y,1130,2184,2,3,1,5,10,102,2009,335000
11275,6,7,1932,854,TA,Y,1096,1991,1,3,1,3,7,0,2007,220000
4920,8,5,2001,1338,Ex,Y,1338,1338,2,2,1,4,6,0,2010,213500
18000,3,4,1935,894,TA,Y,894,894,1,2,1,3,6,20,2008,81000
13600,5,5,1900,662,TA,N,1422,2337,2,5,2,3,10,57,2007,90000
6000,6,6,1925,1103,Gd,Y,1103,1103,1,2,1,4,5,120,2006,110500
11000,5,6,1966,1154,Ex,Y,1154,1154,1,3,1,3,6,58,2009,154000
14000,7,5,1996,1306,Ex,Y,1306,2260,2,3,1,4,7,44,2010,328000
7837,6,7,1993,799,Gd,Y,799,1571,2,3,1,3,7,40,2009,178000
9760,6,6,1964,780,TA,Y,798,1611,1,4,1,3,7,128,2008,167900
3964,6,4,1973,942,Gd,Y,1291,2521,2,5,1,3,10,20,2006,151400
9600,5,7,1949,845,TA,Y,893,893,1,2,1,4,4,0,2007,135000
10152,5,5,1956,1048,TA,Y,1048,1048,1,3,1,3,6,20,2007,135000
11700,6,6,1968,727,Ex,Y,829,1556,1,4,1,3,8,0,2009,154000
7585,5,3,1948,810,Fa,Y,1002,1456,1,4,1,3,7,0,2006,91500
7950,6,6,1977,690,TA,Y,698,1426,1,3,1,3,6,0,2009,159500
8556,7,5,2006,1240,Ex,Y,1240,1240,2,2,1,4,5,93,2007,194000
13125,7,6,1940,800,TA,Y,960,1740,1,3,1,3,6,0,2007,219500
10800,5,8,1936,796,Gd,Y,1096,1466,2,3,1,4,7,21,2006,170000
15870,5,5,1969,1096,Ex,Y,1096,1096,1,3,1,3,6,32,2006,138800
4435,6,5,2004,848,Ex,Y,848,848,1,1,1,4,3,0,2006,155900
8775,5,5,1994,990,Gd,Y,990,990,1,3,1,3,5,64,2007,126000
11040,6,7,1971,1258,Ex,Y,1258,1258,2,3,1,4,5,0,2008,145000
7500,5,5,1963,1040,Fa,Y,1040,1040,1,3,1,3,5,0,2010,133000
8749,7,5,2002,1459,Ex,Y,1459,1459,2,3,1,4,6,39,2007,192000
8800,6,6,1964,1251,TA,Y,1251,1251,1,3,1,3,6,116,2006,160000
13031,6,5,1995,691,Gd,Y,691,1498,2,3,1,3,6,44,2006,187500
9069,6,6,1992,936,Ex,Y,996,996,1,2,1,4,5,0,2010,147000
1974,4,5,1973,546,TA,Y,546,1092,1,3,1,3,6,96,2010,83500
10574,8,5,2005,1082,Ex,Y,1082,1953,2,3,1,4,9,50,2009,252000
2522,7,5,2004,970,Ex,Y,970,1709,2,3,1,4,7,40,2006,137500
3316,8,5,2005,1247,Ex,Y,1247,1247,1,1,1,4,4,84,2006,197000
8544,3,4,1950,0,Fa,N,1040,1040,2,2,2,3,6,0,2009,92900
2160,7,5,1999,600,Ex,Y,624,1252,2,2,1,4,4,48,2008,160000
8400,6,5,1925,1181,Fa,Y,1390,1694,2,4,1,3,7,0,2008,136500
9230,5,8,1965,864,Gd,Y,1200,1200,1,1,1,4,6,64,2006,146000
5868,5,7,1956,936,Ex,Y,936,936,1,2,1,3,4,0,2010,129000
9317,6,5,2006,1314,Gd,Y,1314,1314,2,3,1,4,6,22,2007,176432
6882,6,7,1914,684,TA,Y,773,1355,1,3,1,4,7,0,2007,127000
3696,8,5,1986,1074,Ex,Y,1088,1088,1,2,1,4,5,74,2007,170000
6000,4,6,1936,672,TA,Y,757,1324,1,3,1,3,6,0,2009,128000
11880,7,5,1978,1271,TA,Y,1601,1601,2,3,1,3,7,0,2009,157000
8400,2,5,1920,290,TA,N,438,438,1,1,1,2,3,0,2009,60000
9758,5,5,1971,950,TA,Y,950,950,1,3,1,3,5,0,2007,119500
7000,5,7,1960,1010,Ex,Y,1134,1134,1,2,1,3,6,16,2007,135000
8910,6,6,1959,655,Ex,Y,1194,1194,1,3,1,3,6,0,2006,159500
2016,5,5,1970,630,TA,Y,630,1302,2,3,1,3,6,0,2007,106000
12256,8,5,1994,1463,Ex,Y,1500,2622,2,3,1,4,9,32,2010,325000
10357,7,5,1990,910,Gd,Y,1442,1442,2,3,1,4,6,244,2007,179900
23257,7,5,2006,868,Ex,Y,887,2021,2,3,1,4,9,100,2006,274725
8063,6,5,2000,924,Ex,Y,948,1690,2,3,1,3,7,48,2007,181000
11362,8,5,2004,1836,Ex,Y,1836,1836,2,3,1,4,7,185,2009,280000
8000,6,5,1995,773,Gd,Y,773,1658,2,3,1,3,8,84,2008,188000
10480,7,6,1976,803,TA,Y,1098,1964,2,4,1,3,8,69,2008,205000
7100,5,7,1957,816,TA,Y,816,816,1,2,1,3,5,0,2006,129900
8923,5,7,1953,1008,Gd,Y,1008,1008,1,2,1,4,6,18,2007,134500
5400,5,7,1954,833,Ex,Y,833,833,1,2,1,4,4,0,2006,117000
12085,8,5,2007,1734,Ex,Y,1734,1734,2,3,1,5,7,0,2007,318000
7750,8,5,2002,408,Ex,Y,779,1419,2,3,1,4,7,0,2009,184100
9764,5,7,1967,894,Ex,Y,894,894,1,3,1,4,5,0,2008,130000
13825,5,6,1958,533,TA,Y,1021,1601,1,3,1,3,6,34,2008,140000
7560,5,5,1959,1040,TA,Y,1040,1040,1,3,1,3,6,0,2006,133700
8263,6,5,1920,1012,TA,Y,1012,1012,1,2,1,3,6,22,2007,118400
10084,7,5,2005,1552,Ex,Y,1552,1552,2,3,1,4,7,20,2006,212900
8926,4,3,1956,672,Ex,Y,960,960,1,3,1,3,5,0,2009,112000
9405,5,9,1947,698,Ex,Y,698,698,1,2,1,3,4,200,2009,118000
9125,7,5,1992,384,Gd,Y,812,1482,2,3,1,4,7,25,2007,163900
10434,4,5,1955,1005,TA,Y,1005,1005,1,2,1,2,5,0,2009,115000
3684,7,5,2007,1373,Ex,Y,1555,1555,2,2,1,4,7,20,2009,174000
14572,7,5,2004,1530,Ex,Y,1530,1530,2,3,1,4,7,36,2007,259000
11796,7,5,2004,847,Ex,Y,847,1959,2,4,1,4,8,48,2007,215000
7200,5,5,1980,936,TA,Y,936,936,1,2,1,3,4,0,2007,140000
7804,4,3,1928,1122,TA,Y,1328,1981,2,4,1,4,7,44,2009,135000
10712,5,5,1991,974,TA,Y,974,974,1,3,1,3,5,28,2007,93500
9900,6,4,1880,1008,TA,Y,1178,2210,2,5,1,2,8,48,2007,117500
9828,8,5,1995,1128,Ex,Y,1142,2020,2,3,1,4,8,155,2009,239500
8773,6,5,1997,916,Gd,Y,916,1600,2,3,1,3,7,38,2007,169000
6180,6,5,1926,960,TA,N,986,986,1,2,1,3,5,128,2007,102000
9600,6,5,1950,1032,TA,Y,1032,1252,1,3,1,3,6,0,2008,119000
6342,5,8,1875,780,Gd,N,780,1020,1,2,1,3,6,0,2010,94000
9819,6,5,1977,1567,TA,Y,1567,1567,2,2,1,4,5,32,2009,196000
8731,5,5,1920,915,TA,Y,1167,1167,1,3,1,3,6,0,2007,144000
7350,5,7,1951,952,TA,Y,952,952,1,2,1,3,4,0,2008,139000
10304,5,7,1976,780,Ex,Y,1088,1868,2,4,1,4,9,96,2009,197500
9965,8,5,2006,1466,Ex,Y,1466,2828,3,4,1,4,11,144,2007,424870
9000,5,3,1959,1006,TA,Y,1006,1006,1,3,1,3,5,24,2008,80000
12180,4,4,1941,672,Fa,N,672,924,1,2,1,2,5,0,2010,80000
6240,5,6,1928,1042,Ex,Y,1042,1576,1,3,1,3,8,0,2006,149000
11200,6,5,1985,1298,TA,Y,1298,1298,2,3,1,4,5,26,2006,180000
12000,7,7,1941,704,Ex,Y,860,1564,1,3,1,2,7,0,2009,174500
5700,7,7,1926,572,TA,Y,572,1111,1,2,1,3,5,0,2008,116900
9000,7,9,1920,650,Ex,Y,832,1482,1,3,1,3,7,0,2009,143000
8280,6,5,1950,932,Ex,Y,932,932,1,2,1,4,4,0,2007,124000
17755,5,4,1959,1466,TA,Y,1466,1466,1,3,1,2,6,140,2006,149900
14115,6,7,1956,1073,Ex,Y,1811,1811,1,2,1,5,6,0,2006,230000
5890,6,8,1930,816,Ex,Y,816,816,1,2,1,3,5,0,2008,120500
13700,7,6,1965,864,TA,Y,902,1820,1,4,1,4,8,84,2008,201800
10768,5,8,1976,1437,TA,Y,1437,1437,2,3,1,4,6,21,2007,218000
9350,5,8,1965,1219,Gd,Y,1265,1265,2,3,1,4,6,92,2008,179900
5001,7,5,2007,1314,Ex,Y,1314,1314,2,2,1,4,6,62,2009,230000
11932,8,5,2007,1580,Ex,Y,1580,1580,2,3,1,4,7,24,2008,235128
9120,6,6,1974,901,TA,Y,943,1876,2,4,1,4,8,69,2008,185000
2280,6,5,1978,855,Fa,Y,855,1456,2,3,1,3,7,0,2010,146000
14778,6,7,1954,1296,Ex,Y,1640,1640,1,3,1,4,7,0,2008,224000
8724,5,5,1968,894,Gd,Y,894,894,1,3,1,3,5,0,2007,129000
12900,4,4,1969,1198,TA,Y,1258,1258,0,0,2,3,6,0,2008,108959
16157,5,7,1978,1360,Ex,Y,1432,1432,1,2,1,4,5,180,2007,194000
9541,7,5,2009,1502,Ex,Y,1502,1502,2,3,1,4,7,114,2009,233170
10475,8,5,2008,1694,Ex,Y,1694,1694,2,3,1,4,7,33,2010,245350
10852,6,5,2000,959,Ex,Y,959,1671,2,3,1,3,7,38,2006,173000
13728,6,7,1935,1127,Ex,Y,1236,2108,2,4,1,4,7,0,2008,235000
35760,10,5,1995,1930,Ex,Y,1831,3627,3,4,1,4,10,76,2006,625000
9880,6,6,1977,1096,TA,Y,1118,1118,1,3,1,3,6,0,2008,171000
9120,6,6,1958,1261,Ex,Y,1261,1261,1,3,1,3,6,0,2008,163000
4017,7,5,2006,625,Ex,Y,625,1250,2,2,1,4,5,54,2008,171900
18030,5,6,1946,1598,TA,Y,1636,3086,3,3,1,5,12,0,2007,200500
16560,6,8,1932,952,TA,Y,1170,2345,2,4,1,3,9,0,2006,239000
10678,8,5,1992,1683,Ex,Y,2129,2872,2,4,1,4,9,33,2007,285000
6951,5,5,1984,876,TA,Y,923,923,1,3,1,3,5,0,2008,119500
3950,6,8,1926,818,TA,Y,818,1224,1,3,1,3,5,0,2009,115000
7681,5,6,1921,731,Ex,Y,820,1343,1,3,1,3,7,0,2009,154900
8335,5,5,1954,0,Gd,Y,1124,1124,1,3,1,3,5,36,2006,93000
11170,7,5,1990,1216,Ex,Y,1298,2514,2,4,1,3,8,0,2006,250000
5587,8,5,2008,1600,Ex,Y,1652,1652,2,2,1,4,5,53,2008,392500
15623,10,5,1996,2396,Ex,Y,2411,4476,3,4,1,5,10,78,2007,745000
10800,5,6,1920,1120,Ex,Y,1130,1130,1,2,1,3,5,0,2006,120000
35133,5,4,1963,1572,Gd,Y,1572,1572,1,3,1,3,5,263,2007,186700
9738,5,7,1924,784,Gd,Y,949,1221,1,4,1,3,7,0,2006,104900
10615,3,5,1900,978,TA,Y,1014,1699,2,3,2,3,7,74,2009,95000
12461,8,5,1994,1624,Ex,Y,1624,1624,2,2,1,4,5,114,2006,262000
8935,7,5,2002,831,Ex,Y,831,1660,2,3,1,4,7,68,2009,195000
7500,7,5,1999,994,Gd,Y,1028,1804,2,3,1,4,7,60,2010,189000
32463,4,4,1961,1249,Ex,Y,1622,1622,1,3,1,3,7,0,2007,168000
2645,8,5,1999,776,Ex,Y,764,1441,2,2,1,4,5,0,2007,174000
9600,5,8,1925,702,Gd,Y,842,1472,1,3,1,4,6,0,2007,125000
4500,6,5,1999,1224,Ex,Y,1224,1224,2,2,1,3,5,304,2009,165000
9364,6,7,1969,663,TA,Y,663,1352,1,4,1,3,7,36,2010,158000
8029,6,5,2005,728,Ex,Y,728,1456,2,3,1,4,8,24,2008,176000
14054,7,5,2006,879,Ex,Y,879,1863,2,4,1,4,9,17,2006,219210
8850,7,6,1916,815,Ex,Y,815,1690,1,3,1,3,7,0,2006,144000
9100,7,5,2001,1212,Ex,Y,1212,1212,2,3,1,4,6,0,2009,178000
11235,4,5,1963,1051,Gd,Y,1382,1382,1,3,1,3,6,82,2006,148000
9353,4,5,1970,864,Gd,Y,864,864,1,3,1,3,5,0,2006,116050
10400,7,5,1998,866,Ex,Y,866,1779,2,3,1,4,6,36,2009,197900
6000,5,8,1925,884,Ex,Y,884,1348,1,3,1,3,5,0,2009,117000
9750,7,5,2000,1630,Ex,Y,1630,1630,2,3,1,4,6,234,2009,213000
10140,5,6,1975,1056,Ex,Y,1074,1074,1,3,1,3,6,88,2006,153500
14684,7,7,1990,2158,Gd,Y,2196,2196,2,3,1,4,7,70,2009,271900
8900,4,4,1966,1056,TA,Y,1056,1056,1,2,1,3,5,42,2006,107000
9135,6,5,2003,1682,Ex,Y,1700,1700,2,3,1,4,7,23,2006,200000
7763,5,7,1962,931,TA,Y,1283,1283,1,3,1,3,6,0,2008,140000
10182,8,5,2006,1660,Ex,Y,1660,1660,2,3,1,4,8,50,2006,290000
11218,6,5,1992,1055,Ex,Y,1055,1845,2,3,1,4,8,104,2010,189000
12134,8,7,1988,559,Gd,Y,1080,1752,2,4,1,3,8,12,2010,164000
9340,4,6,1941,672,TA,Y,672,672,1,2,1,3,4,113,2009,113000
10246,4,9,1965,648,Ex,Y,960,960,0,0,1,3,3,0,2006,145000
10205,5,5,1962,925,TA,Y,999,999,1,3,1,3,6,72,2006,134500
7094,5,5,1966,894,TA,Y,894,894,1,3,1,3,5,0,2007,125000
8930,6,5,1978,0,TA,Y,1318,1902,2,4,2,3,8,0,2010,112000
8640,8,5,2009,1300,Ex,Y,1314,1314,2,3,1,4,6,112,2009,229456
6240,4,5,1947,0,Gd,N,672,912,1,2,1,3,3,0,2006,80500
1680,6,5,1971,672,TA,Y,672,1218,1,3,1,3,7,0,2006,91500
7800,5,5,1964,912,TA,Y,912,912,1,2,1,3,5,0,2006,115000
8250,5,5,1968,952,Ex,Y,1211,1211,1,3,1,3,5,63,2008,134000
10496,6,6,1949,1040,Ex,Y,1168,1846,2,3,1,3,7,0,2007,143000
10680,5,3,1951,2136,TA,N,2136,2136,2,4,1,3,7,30,2006,137900
15384,7,5,2004,788,Ex,Y,788,1490,2,3,1,4,8,75,2008,184000
10482,6,8,1958,588,Ex,Y,1138,1138,1,3,1,3,6,0,2007,145000
14598,6,5,2007,894,Ex,Y,894,1933,2,4,1,4,9,18,2008,214000
8872,5,8,1965,912,Ex,Y,912,912,1,2,1,4,5,240,2008,147000
8769,9,5,2008,1702,Ex,Y,1702,1702,1,1,1,5,7,72,2008,367294
7910,5,5,1960,1075,Gd,Y,1507,1507,2,4,1,3,7,0,2008,127000
18890,5,5,1977,1361,Ex,Y,1361,2620,2,4,2,3,12,24,2007,190000
7728,5,6,1962,1106,TA,Y,1190,1190,1,3,1,3,6,18,2006,132500
9842,4,5,1962,0,TA,Y,1224,1224,2,2,2,3,6,0,2007,101800
12160,5,5,1959,1188,Fa,Y,1188,1188,1,3,1,3,6,0,2010,142000
8525,5,6,1911,940,TA,N,1024,1964,1,4,1,3,7,192,2008,130000
13132,5,5,1914,747,Gd,Y,892,1784,1,4,1,3,9,40,2006,138887
2628,7,5,2003,764,Ex,Y,764,1626,2,2,1,4,6,27,2010,175500
12393,7,5,2004,847,Ex,Y,847,1948,2,4,1,4,8,48,2006,195000
13072,6,5,2005,1141,Ex,Y,1141,1141,1,3,1,3,6,0,2006,142500
9037,8,5,2006,1476,Ex,Y,1484,1484,2,2,1,5,6,33,2007,265900
8158,7,5,2003,884,Ex,Y,884,1768,2,3,1,4,8,63,2008,224900
9849,7,6,2007,1689,Ex,Y,1689,1689,2,3,1,4,7,56,2007,248328
10625,7,6,1974,1053,TA,Y,1173,1173,2,3,1,4,6,120,2010,170000
13891,10,5,2006,2076,Ex,Y,2076,2076,2,2,1,5,7,229,2006,465000
11435,8,7,1929,792,Fa,Y,792,1517,1,3,1,4,7,0,2006,230000
12090,6,7,1984,585,Ex,Y,1140,1868,3,3,1,3,7,112,2007,178000
8125,7,5,2005,756,Ex,Y,756,1553,2,3,1,4,6,45,2006,186500
12328,6,5,1976,1012,TA,Y,1034,1034,1,3,1,3,6,0,2010,169900
9600,6,5,1917,735,Fa,N,1134,2058,1,3,1,3,8,0,2008,129500
7200,5,7,1950,876,TA,Y,988,988,1,3,1,3,6,80,2007,119000
11160,7,5,1968,2110,Ex,Y,2110,2110,2,3,1,5,8,0,2010,244000
3136,7,5,2003,1405,Ex,Y,1405,1405,2,2,1,4,6,36,2006,171750
9858,5,6,1968,864,TA,Y,874,874,1,3,1,3,5,0,2009,130000
17542,7,7,1974,1192,TA,Y,1516,2167,2,3,1,4,9,47,2007,294000
6931,7,5,2003,746,Ex,Y,760,1656,2,3,1,4,7,128,2008,165400
6240,6,6,1931,884,TA,Y,959,1367,1,3,1,3,6,0,2007,127500
14303,8,5,1994,1986,Ex,Y,1987,1987,2,2,1,4,7,36,2008,301500
4060,5,8,1922,864,Ex,Y,864,864,1,2,1,3,4,96,2009,99900
9587,7,5,2005,856,Ex,Y,1166,1166,2,2,1,4,5,0,2008,190000
9750,6,8,1969,1054,Gd,Y,1054,1054,1,3,1,3,6,0,2008,151000
24682,6,5,1999,841,Ex,Y,892,1675,2,3,1,3,7,103,2009,181000
9600,5,6,1956,1050,Gd,Y,1050,1050,1,2,1,3,5,0,2009,128900
11250,4,5,1957,1104,Ex,Y,1104,1788,1,5,1,3,8,0,2009,161500
13515,6,6,1919,764,Ex,Y,1060,1824,1,3,1,3,8,0,2007,180500
4060,6,5,1998,1405,Ex,Y,1337,1337,2,2,1,4,5,68,2008,181000
3735,7,5,1999,691,Ex,Y,713,1452,2,3,1,4,6,34,2006,183900
10120,7,4,1910,925,TA,N,964,1889,1,4,2,3,9,0,2007,122000
13214,9,5,2008,2002,Ex,Y,2018,2018,2,3,1,5,10,76,2010,378500
14100,8,9,1935,728,Ex,Y,1968,3447,3,4,1,4,11,12,2008,381000
11344,5,5,1958,874,TA,Y,874,1524,1,3,1,3,7,0,2007,144000
23595,7,6,1979,1332,TA,Y,1332,1524,0,0,1,4,4,0,2010,260000
9156,6,7,1968,1489,Gd,Y,1489,1489,2,3,1,4,7,0,2009,185750
13526,5,6,1965,935,TA,Y,935,935,1,3,1,3,5,0,2006,137000
11512,6,7,1959,1019,Gd,Y,1357,1357,1,2,1,5,5,0,2008,177000
5362,5,6,1910,661,Ex,Y,661,1250,2,3,1,3,8,0,2007,139000
11345,5,5,1948,928,Gd,Y,928,1920,2,4,2,3,10,0,2007,137000
12936,6,6,1972,723,TA,Y,735,1395,1,3,1,3,6,116,2009,162000
17871,6,5,1967,1680,Fa,Y,1724,1724,1,3,1,3,7,0,2009,197900
9473,8,5,2002,1128,Ex,Y,1128,2031,2,3,1,4,7,211,2008,237000
7500,4,4,1920,698,TA,Y,698,1128,1,2,1,3,6,0,2010,68400
9808,7,5,2002,1573,Ex,Y,1573,1573,2,3,1,4,6,72,2009,227000
8049,7,5,1990,1309,TA,Y,1339,1339,2,2,1,3,6,58,2006,180000
8800,5,7,1977,1040,TA,Y,1040,1040,2,3,1,4,5,0,2009,150500
9400,6,5,1971,912,TA,Y,912,1824,2,4,2,3,8,0,2010,139000
9638,6,7,1919,804,Ex,Y,1699,2447,2,4,1,4,10,0,2010,169000
6000,6,6,1939,780,Ex,Y,825,1412,1,4,1,3,6,0,2009,132500
9790,6,5,1963,1328,TA,Y,1328,1328,1,3,1,3,6,26,2010,143000
36500,5,5,1964,1624,Fa,Y,1582,1582,2,4,1,3,7,198,2006,190000
5664,8,5,2000,1501,Ex,Y,1659,1659,2,2,1,5,5,59,2009,278000
11065,8,5,2006,1085,Ex,Y,1120,1970,2,3,1,5,8,74,2006,281000
14112,5,7,1964,1152,TA,Y,1152,1152,1,3,1,3,6,0,2010,180500
1680,5,7,1972,630,TA,Y,630,1302,2,3,1,3,6,0,2009,119500
6600,5,4,1892,994,TA,N,1378,2372,2,4,2,3,11,287,2009,107500
10140,7,5,1976,832,TA,Y,832,1664,2,4,1,3,8,28,2006,162900
8172,5,7,1955,864,TA,Y,864,864,1,2,1,3,5,0,2006,115000
8400,5,5,1968,1052,Gd,Y,1052,1052,1,3,1,3,5,0,2006,138500
8700,5,6,1963,1120,Gd,Y,1128,1128,2,3,1,3,6,20,2008,155000
3675,6,5,2005,547,Gd,Y,1072,1072,2,2,1,3,5,44,2006,140000
63887,10,5,2008,6110,Ex,Y,4692,5642,2,3,1,5,12,292,2008,160000
7500,5,7,1959,1246,Ex,Y,1246,1246,1,3,1,4,6,0,2010,154000
10762,7,5,1999,978,Ex,Y,1005,1983,2,3,1,4,9,0,2009,225000
7500,6,7,1942,771,Fa,Y,753,1494,1,3,1,4,7,0,2009,177500
10120,8,5,1994,1165,Ex,Y,1203,2526,2,4,1,4,8,78,2006,290000
8688,7,5,2005,1616,Ex,Y,1616,1616,2,3,1,4,7,59,2006,232000
3363,7,5,2004,976,Ex,Y,976,1708,2,3,1,4,7,40,2006,130000
13173,9,5,2006,1652,Ex,Y,1652,1652,2,2,1,5,6,102,2009,325000
6955,7,5,2005,1368,Ex,Y,1368,1368,2,2,1,4,6,35,2006,202500
8072,5,5,1994,990,Ex,Y,990,990,1,3,1,3,5,64,2009,138000
12000,5,7,1948,924,Ex,Y,1122,1122,1,2,1,4,6,36,2008,147000
7153,6,5,1991,1278,Gd,Y,1294,1294,2,3,1,4,6,51,2008,179200
17500,7,8,1959,1902,TA,Y,1902,1902,2,3,1,5,7,207,2010,335000
8814,7,5,2005,1274,Ex,Y,1274,1274,2,3,1,4,6,98,2007,203000
9572,8,5,1990,1453,Ex,Y,1453,2810,2,4,1,4,9,0,2007,302000
14774,9,5,1999,1393,Ex,Y,1422,2599,2,4,1,4,10,30,2010,333168
8190,4,6,1954,948,Ex,Y,948,948,1,3,1,3,5,36,2007,119000
11075,6,5,1969,952,TA,Y,1092,2112,2,4,1,3,9,0,2008,206900
10226,8,5,2008,1622,Ex,Y,1630,1630,2,3,1,5,8,42,2009,295493
4230,7,5,2006,1352,Ex,Y,1352,1352,2,2,1,4,5,241,2007,208900
14781,8,5,2001,1753,Ex,Y,1787,1787,2,3,1,4,7,150,2006,275000
10215,4,5,1954,864,Ex,Y,948,948,1,3,1,3,5,0,2007,111000
8400,6,3,1957,1478,Gd,Y,1478,1478,1,3,1,3,6,0,2009,156500
6627,3,6,1949,0,TA,N,720,720,1,2,1,3,4,0,2008,72500
10186,7,5,1992,750,Ex,Y,1061,1923,2,3,1,4,8,39,2010,190000
5330,4,7,1940,420,Gd,Y,708,708,1,2,1,2,5,0,2009,82500
9986,8,5,2006,1795,Ex,Y,1795,1795,2,2,1,4,7,49,2007,147000
3636,4,4,1922,796,Fa,N,796,796,1,2,1,3,5,0,2008,55000
4270,3,6,1931,544,Ex,Y,774,774,1,3,1,4,6,0,2007,79000
6600,5,9,1982,816,Ex,Y,816,816,1,3,1,4,5,0,2008,130500
10440,6,7,1920,1510,Ex,Y,1584,2792,2,5,1,3,8,547,2008,256000
9084,7,5,1998,935,Gd,Y,955,1632,2,3,1,3,8,28,2006,176500
10000,8,5,2006,1588,Ex,Y,1588,1588,2,3,1,4,7,45,2007,227000
10780,5,5,1976,911,Gd,Y,954,954,1,3,1,3,6,0,2006,132500
8877,4,6,1938,816,Ex,Y,816,816,1,2,1,3,3,0,2009,100000
7200,5,6,1938,803,Ex,Y,803,1360,1,2,1,4,6,65,2006,125500
2368,5,6,1970,765,TA,Y,765,1365,1,3,1,3,7,36,2009,125000
9650,6,5,1977,1350,TA,Y,1334,1334,2,2,1,3,6,16,2009,167900
9246,5,5,1973,1656,TA,Y,1656,1656,2,4,2,3,8,211,2008,135000
4118,4,4,1941,693,Fa,N,693,693,1,2,1,2,4,20,2006,52500
13450,7,5,2002,916,Ex,Y,920,1861,2,3,1,4,8,91,2006,200000
9560,5,7,1972,864,Ex,Y,864,864,1,3,1,3,5,0,2006,128500
8294,4,5,1971,858,TA,Y,872,872,1,3,1,3,5,0,2007,123000
13695,6,5,2003,1114,Ex,Y,1114,1114,1,3,1,4,6,78,2008,155000
9375,8,5,2002,1284,Ex,Y,1284,2169,2,3,1,4,7,87,2007,228500
7558,6,6,1928,896,Gd,Y,1172,1913,1,3,1,3,9,0,2009,177000
11103,7,5,2006,728,Ex,Y,728,1456,2,3,1,4,8,0,2007,155835
6000,4,4,1920,960,Gd,Y,960,960,1,2,1,2,5,0,2007,108500
20781,7,7,1968,1568,TA,Y,2156,2156,2,3,1,3,9,80,2006,262500
15306,8,5,2006,1732,Ex,Y,1776,1776,2,3,1,4,7,0,2007,283463
16196,7,5,1998,1482,Ex,Y,1494,1494,2,3,1,4,5,25,2007,215000
5250,8,5,1872,684,Fa,N,938,2358,2,4,1,3,8,54,2008,122000
11643,5,5,1969,1248,TA,Y,1338,2634,2,6,2,3,12,0,2009,200000
9247,6,6,1962,858,Ex,Y,858,1716,1,4,1,3,8,84,2008,171000
6000,6,9,1937,698,TA,Y,786,1176,1,2,1,3,4,0,2009,134900
14720,8,5,1995,2033,Ex,Y,2053,3238,2,4,1,4,9,86,2010,410000
10316,7,5,2000,992,Ex,Y,992,1865,2,3,1,4,7,184,2008,235000
10192,7,6,1968,570,Gd,Y,1222,1920,3,4,1,4,8,98,2006,170000
9477,5,5,1966,864,TA,Y,892,892,1,3,1,3,5,0,2008,110000
12537,5,6,1971,1078,Ex,Y,1078,1078,1,3,1,3,6,0,2010,149900
2117,6,5,2000,756,Ex,Y,769,1573,2,3,1,4,5,32,2010,177500
16737,9,5,2004,1980,Ex,Y,1980,1980,2,3,1,5,8,45,2006,315000
9842,5,6,1921,612,Ex,Y,990,2601,3,4,1,3,8,0,2008,189000
16158,7,5,2005,1530,Ex,Y,1530,1530,2,3,1,4,7,36,2009,260000
12513,4,4,1920,715,Gd,Y,1281,1738,2,4,1,3,7,0,2009,104900
8499,6,5,2006,616,Ex,Y,616,1412,2,3,1,4,6,36,2007,156932
3180,7,5,2005,600,Ex,Y,520,1200,2,2,1,4,4,166,2006,144152
7500,7,5,2000,814,Ex,Y,814,1674,2,3,1,4,7,96,2010,216000
9179,7,5,1999,873,Ex,Y,882,1790,2,3,1,4,7,88,2008,193000
2665,5,6,1977,757,Ex,Y,925,1475,2,4,1,3,6,26,2006,127000
4435,6,5,2003,848,Ex,Y,848,848,1,1,1,4,4,0,2009,144000
10635,8,5,2003,1657,Ex,Y,1668,1668,2,3,1,4,8,262,2010,232000
5400,4,6,1920,840,Ex,Y,840,1374,1,2,1,3,6,0,2009,105000
9600,6,6,1955,992,Gd,Y,1661,1661,1,3,1,4,8,28,2008,165500
9750,7,6,1998,1108,Ex,Y,1108,2097,2,3,1,4,8,170,2006,274300
11400,10,5,2001,2633,Ex,Y,2633,2633,2,2,1,5,8,140,2007,466500
10625,7,5,2005,1026,Ex,Y,1026,1958,2,3,1,4,9,210,2008,250000
10991,8,5,2007,1571,Ex,Y,1571,1571,2,3,1,4,7,36,2007,239000
6292,6,5,1930,768,TA,N,790,790,1,2,1,3,4,141,2008,91000
10998,5,5,1941,984,Ex,Y,984,1604,2,3,1,3,6,68,2009,117000
1953,6,5,1973,483,TA,Y,483,987,1,2,1,3,5,0,2006,83000
9735,5,5,2006,384,Gd,Y,754,1394,2,3,1,4,7,0,2008,167500
8212,3,3,1914,864,TA,N,864,864,1,2,1,3,5,0,2010,58500
12925,6,7,1970,1205,Ex,Y,2117,2117,2,4,1,3,7,42,2008,237500
7200,7,7,1920,596,Ex,Y,998,1762,1,4,1,4,8,0,2006,157000
25339,5,7,1918,816,Ex,Y,1416,1416,2,3,1,4,7,0,2007,112000
9060,6,5,1939,560,TA,Y,698,1258,1,2,1,3,6,0,2009,105000
5436,4,8,1922,796,Gd,Y,796,1154,1,3,1,4,7,96,2010,125500
16692,7,5,1978,1392,TA,Y,1392,2784,3,5,1,4,12,112,2006,250000
8520,6,7,1916,714,TA,N,1664,2526,2,5,1,4,10,15,2007,136000
14892,9,5,2006,1746,Ex,Y,1746,1746,2,3,1,5,7,39,2009,377500
6000,6,6,1941,735,Ex,Y,869,1218,1,3,1,3,6,0,2007,131000
9100,7,5,2000,1525,Ex,Y,1525,1525,2,3,1,4,6,36,2006,235000
8944,5,5,1967,1584,TA,Y,1584,1584,2,4,2,3,8,152,2009,124000
7838,5,5,1967,864,TA,Y,900,900,1,3,1,3,6,144,2006,123000
10800,6,7,1905,482,Ex,N,1221,1912,2,3,2,3,7,25,2008,163000
4045,7,5,2006,1356,Ex,Y,1500,1500,2,2,1,4,6,20,2006,246578
12665,8,5,2005,1094,Ex,Y,1133,2482,2,4,1,4,9,39,2007,281213
57200,5,5,1948,747,TA,Y,1687,1687,1,3,1,3,7,0,2010,160000
6120,5,8,1920,939,Ex,Y,939,1513,1,4,1,3,8,0,2007,137500
7200,5,4,1950,1208,Gd,Y,1136,1904,1,3,1,3,7,0,2009,138000
6171,6,6,1925,976,Ex,Y,1160,1608,2,3,1,4,7,16,2009,137450
6000,6,7,1929,862,TA,Y,950,1158,1,3,1,3,5,0,2008,120000
7415,6,5,2004,839,Ex,Y,864,1593,2,3,1,3,8,75,2008,193000
6762,7,5,2006,1286,Ex,Y,1294,1294,2,2,1,4,6,55,2006,193879
15256,8,5,2007,1485,Ex,Y,1464,1464,2,3,1,4,6,160,2007,282922
10410,3,4,1915,672,TA,Y,694,1214,1,3,1,3,6,0,2006,105000
3842,8,5,2004,1594,Ex,Y,1646,1646,2,2,1,4,5,53,2008,275000
8445,5,7,1972,768,TA,Y,768,768,1,2,1,3,5,0,2009,133000
8780,5,5,1985,833,Ex,Y,833,833,1,3,1,3,5,0,2009,112000
7740,4,7,1910,622,Gd,Y,741,1363,1,3,1,3,6,0,2010,125500
20544,7,6,1986,791,Gd,Y,1236,2093,2,3,1,3,7,63,2008,215000
12420,7,5,2001,944,Ex,Y,944,1840,2,3,1,4,6,45,2009,230000
9600,6,8,1950,856,Ex,Y,1112,1668,1,3,1,3,6,0,2009,140000
7200,4,5,1949,0,Fa,N,1040,1040,2,2,2,3,6,0,2009,90000
10994,8,5,2005,1844,Ex,Y,1844,1844,2,2,1,4,7,44,2009,257000
13053,6,7,1923,833,Gd,Y,1053,1848,1,4,1,4,8,0,2008,207000
3635,7,5,2007,1386,Ex,Y,1569,1569,2,1,1,4,7,20,2009,175900
11340,4,6,1885,777,Gd,Y,1246,2290,2,4,2,3,11,0,2010,122500
16545,8,5,1998,1284,Ex,Y,1310,2450,2,3,1,4,7,126,2009,340000
9204,5,5,1963,1144,TA,Y,1144,1144,1,3,1,3,6,88,2008,124000
16381,6,5,1969,1844,Gd,Y,1844,1844,2,3,1,4,7,73,2006,223000
11700,6,6,1968,708,Gd,Y,708,1416,2,3,1,3,7,169,2006,179900
4043,6,5,1977,1069,TA,Y,1069,1069,2,2,1,3,4,55,2010,127500
4435,6,5,2003,848,Ex,Y,848,848,1,1,1,4,3,0,2008,136500
19690,6,7,1966,697,TA,Y,1575,2201,2,4,1,4,8,236,2006,274970
9503,5,5,1958,1024,TA,Y,1344,1344,1,2,1,3,6,28,2007,144000
10721,6,6,1959,1252,Ex,Y,1252,1252,1,3,1,4,7,39,2008,142000
10944,7,5,1994,1223,Ex,Y,1223,2127,2,3,1,4,5,132,2008,271000
10930,5,6,1945,913,TA,Y,1048,1558,1,3,1,3,6,0,2008,140000
7200,5,7,1940,788,TA,Y,804,804,1,2,1,4,4,0,2010,119000
12546,6,7,1981,1440,Ex,Y,1440,1440,2,3,1,4,7,0,2007,182900
21930,5,5,2005,732,Ex,Y,734,1838,2,4,1,3,7,40,2006,192140
4928,6,6,1976,958,TA,Y,958,958,2,2,1,3,5,60,2009,143750
10800,4,6,1927,656,TA,Y,968,968,2,4,1,3,5,0,2007,64500
10261,6,5,2000,936,Ex,Y,962,1792,2,3,1,3,8,0,2008,186500
17400,5,5,1977,1126,Fa,Y,1126,1126,2,3,1,3,5,41,2006,160000
8400,6,9,1962,1319,TA,Y,1537,1537,1,3,1,4,7,36,2008,174000
9000,4,6,1971,864,TA,Y,864,864,1,3,1,3,5,0,2007,120500
12444,8,5,2008,1932,Ex,Y,1932,1932,2,2,1,5,7,66,2008,394617
7407,6,7,1957,912,TA,Y,1236,1236,1,2,1,3,6,158,2010,149700
11584,7,6,1979,539,TA,Y,1040,1725,2,3,1,3,6,88,2007,197000
11526,6,7,1922,588,Fa,Y,1423,2555,2,3,1,3,11,0,2008,191000
4426,6,5,2004,848,Ex,Y,848,848,1,1,1,4,3,0,2008,149300
11003,10,5,2008,1017,Ex,Y,1026,2007,2,3,1,5,10,52,2009,310000
8854,6,6,1916,952,Fa,N,952,952,1,2,1,2,4,98,2009,121000
8500,7,5,2004,1422,Ex,Y,1422,1422,2,3,1,4,7,60,2007,179600
8400,6,5,1966,814,Gd,Y,913,913,1,3,1,3,6,0,2007,129000
26142,5,7,1962,1188,TA,Y,1188,1188,1,3,1,3,6,39,2010,157900
10000,8,5,1995,1220,Ex,Y,1220,2090,2,3,1,4,8,65,2007,240000
11767,4,7,1910,560,Gd,N,796,1346,1,2,1,3,6,24,2007,112000
1533,5,7,1970,630,Ex,Y,630,630,1,1,1,5,3,0,2006,92000
9000,5,5,1974,896,TA,Y,896,1792,2,4,2,3,8,45,2009,136000
9262,8,5,2008,1573,Ex,Y,1578,1578,2,3,1,5,7,36,2009,287090
3675,5,5,2005,547,Gd,Y,1072,1072,1,2,1,3,5,28,2006,145000
17217,5,5,2006,1140,Ex,Y,1140,1140,1,3,1,3,6,56,2006,84500
7500,7,5,2004,1221,Ex,Y,1221,1221,2,2,1,4,6,113,2009,185000
7917,6,5,1999,953,Ex,Y,953,1647,2,3,1,3,7,40,2007,175000
13175,6,6,1978,1542,TA,Y,2073,2073,2,3,1,3,7,0,2010,210000
9042,7,9,1941,1152,Ex,Y,1188,2340,2,4,1,4,9,60,2010,266500
9717,5,6,1950,1078,Gd,Y,1078,1078,1,2,1,4,5,0,2010,142125
9937,5,6,1965,1256,Gd,Y,1256,1256,1,3,1,3,6,68,2008,147500
