const,LotArea,OverallQual,OverallCond,YearBuilt,TotalBsmtSF,1stFlrSF,GrLivArea,FullBath,BedroomAbvGr,KitchenAbvGr,KitchenQual,TotRmsAbvGrd,OpenPorchSF,YrSold,HeatingQC_Fa,HeatingQC_Gd,HeatingQC_Po,HeatingQC_TA,CentralAir_Y
1.0,8450,7,5,2003,856,856,1710,2,3,1,4,8,61,2008,0,0,0,0,1
1.0,9600,6,8,1976,1262,1262,1262,2,3,1,3,6,0,2007,0,0,0,0,1
1.0,11250,7,5,2001,920,920,1786,2,3,1,4,6,42,2008,0,0,0,0,1
1.0,9550,7,5,1915,756,961,1717,1,3,1,4,7,35,2006,0,1,0,0,1
1.0,14260,8,5,2000,1145,1145,2198,2,4,1,4,9,84,2008,0,0,0,0,1
1.0,14115,5,5,1993,796,796,1362,1,1,1,3,5,30,2009,0,0,0,0,1
1.0,10084,8,5,2004,1686,1694,1694,2,3,1,4,7,57,2007,0,0,0,0,1
1.0,10382,7,6,1973,1107,1107,2090,2,3,1,3,7,204,2009,0,0,0,0,1
1.0,6120,7,5,1931,952,1022,1774,2,2,2,3,8,0,2008,0,1,0,0,1
1.0,7420,5,6,1939,991,1077,1077,1,2,2,3,5,4,2008,0,0,0,0,1
1.0,11200,5,5,1965,1040,1040,1040,1,3,1,3,5,0,2008,0,0,0,0,1
1.0,11924,9,5,2005,1175,1182,2324,3,4,1,5,11,21,2006,0,0,0,0,1
1.0,12968,5,6,1962,912,912,912,1,2,1,3,4,0,2008,0,0,0,1,1
1.0,10652,7,5,2006,1494,1494,1494,2,3,1,4,7,33,2007,0,0,0,0,1
1.0,10920,6,5,1960,1253,1253,1253,1,2,1,3,5,213,2008,0,0,0,1,1
1.0,6120,7,8,1929,832,854,854,1,2,1,3,5,112,2007,0,0,0,0,1
1.0,11241,6,7,1970,1004,1004,1004,1,2,1,3,5,0,2010,0,0,0,0,1
1.0,10791,4,5,1967,0,1296,1296,2,2,2,3,6,0,2006,0,0,0,1,1
1.0,13695,5,5,2004,1114,1114,1114,1,3,1,4,6,102,2008,0,0,0,0,1
1.0,7560,5,6,1958,1029,1339,1339,1,3,1,3,6,0,2009,0,0,0,1,1
1.0,14215,8,5,2005,1158,1158,2376,3,4,1,4,9,154,2006,0,0,0,0,1
1.0,7449,7,7,1930,637,1108,1108,1,3,1,4,6,0,2007,0,0,0,0,1
1.0,9742,8,5,2002,1777,1795,1795,2,3,1,4,7,159,2008,0,0,0,0,1
1.0,4224,5,7,1976,1040,1060,1060,1,3,1,3,6,110,2007,0,0,0,1,1
1.0,8246,5,8,1968,1060,1060,1060,1,3,1,4,6,90,2010,0,0,0,0,1
1.0,14230,8,5,2007,1566,1600,1600,2,3,1,4,7,56,2009,0,0,0,0,1
1.0,7200,5,7,1951,900,900,900,1,3,1,4,5,32,2010,0,0,0,1,1
1.0,11478,8,5,2007,1704,1704,1704,2,3,1,4,7,50,2010,0,0,0,0,1
1.0,16321,5,6,1957,1484,1600,1600,1,2,1,3,6,258,2006,0,0,0,1,1
1.0,6324,4,6,1927,520,520,520,1,1,1,2,4,0,2008,1,0,0,0,0
1.0,8500,4,4,1920,649,649,1317,1,3,1,3,6,54,2008,0,0,0,1,0
1.0,8544,5,6,1966,1228,1228,1228,1,3,1,4,6,65,2008,0,1,0,0,1
1.0,11049,8,5,2007,1234,1234,1234,2,3,1,4,7,30,2008,0,0,0,0,1
1.0,10552,5,5,1959,1398,1700,1700,1,4,1,4,6,38,2010,0,1,0,0,1
1.0,7313,9,5,2005,1561,1561,1561,2,2,1,5,6,47,2007,0,0,0,0,1
1.0,13418,8,5,2004,1117,1132,2452,3,4,1,4,9,32,2006,0,0,0,0,1
1.0,10859,5,5,1994,1097,1097,1097,1,3,1,3,6,64,2009,0,0,0,0,1
1.0,8532,5,6,1954,1297,1297,1297,1,3,1,3,5,0,2009,0,1,0,0,1
1.0,7922,5,7,1953,1057,1057,1057,1,3,1,4,5,52,2010,0,0,0,1,1
1.0,6040,4,5,1955,0,1152,1152,2,2,2,2,6,0,2008,0,0,0,1,0
1.0,8658,6,5,1965,1088,1324,1324,2,3,1,3,6,138,2006,0,0,0,0,1
1.0,16905,5,6,1959,1350,1328,1328,1,2,1,3,5,104,2007,0,1,0,0,1
1.0,9180,5,7,1983,840,884,884,1,2,1,4,5,0,2007,0,1,0,0,1
1.0,9200,5,6,1975,938,938,938,1,3,1,3,5,0,2008,0,0,0,1,1
1.0,7945,5,6,1959,1150,1150,1150,1,3,1,3,6,0,2006,0,0,0,0,1
1.0,7658,9,5,2005,1752,1752,1752,2,2,1,5,6,82,2010,0,0,0,0,1
1.0,12822,7,5,2003,1434,1518,2149,1,1,1,4,6,43,2009,0,0,0,0,1
1.0,11096,8,5,2006,1656,1656,1656,2,3,1,4,7,146,2007,0,0,0,0,1
1.0,4456,4,5,1920,736,736,1452,2,2,3,3,8,0,2009,0,1,0,0,1
1.0,7742,5,7,1966,955,955,955,1,3,1,3,6,0,2007,0,0,0,0,1
1.0,13869,6,6,1997,794,794,1470,2,3,1,3,6,75,2007,0,1,0,0,1
1.0,6240,6,6,1934,816,816,1176,1,3,1,3,6,0,2006,0,0,0,1,1
1.0,8472,5,5,1963,816,816,816,1,2,1,3,5,0,2010,0,0,0,1,0
1.0,50271,9,5,1981,1842,1842,1842,0,0,1,4,5,72,2006,0,1,0,0,1
1.0,7134,5,5,1955,384,1360,1360,1,3,1,3,6,50,2007,0,0,0,1,1
1.0,10175,6,5,1964,1425,1425,1425,2,3,1,3,7,0,2008,0,1,0,0,1
1.0,2645,8,5,1999,970,983,1739,2,3,1,4,7,0,2009,0,0,0,0,1
1.0,11645,7,5,2004,860,860,1720,2,3,1,4,7,70,2006,0,0,0,0,1
1.0,13682,10,5,2006,1410,1426,2945,3,3,1,4,10,0,2006,0,0,0,0,1
1.0,7200,5,7,1972,780,780,780,1,2,1,3,4,0,2008,0,0,0,0,1
1.0,13072,6,5,2004,1158,1158,1158,1,3,1,4,5,50,2006,0,0,0,0,1
1.0,7200,5,7,1920,530,581,1111,1,3,1,2,6,0,2007,0,0,0,1,0
1.0,6442,8,5,2006,1370,1370,1370,2,2,1,4,6,49,2007,0,0,0,0,1
1.0,10300,7,6,1921,576,902,1710,2,3,1,3,9,11,2010,0,1,0,0,1
1.0,9375,7,5,1997,1057,1057,2034,2,3,1,4,8,36,2009,0,0,0,0,1
1.0,9591,8,5,2004,1143,1143,2473,2,4,1,4,9,151,2007,0,0,0,0,1
1.0,19900,7,5,1970,1947,2207,2207,2,3,1,3,7,0,2010,0,0,0,1,1
1.0,10665,7,5,2003,1453,1479,1479,2,3,1,4,7,29,2007,0,0,0,0,1
1.0,4608,4,6,1945,747,747,747,1,2,1,3,4,0,2010,0,0,0,1,1
1.0,15593,7,4,1953,1304,1304,2287,2,3,1,3,7,21,2006,0,0,0,1,1
1.0,13651,7,6,1973,2223,2223,2223,2,3,1,3,8,0,2007,0,0,0,0,1
1.0,7599,4,6,1982,845,845,845,1,2,1,3,4,0,2007,0,0,0,1,1
1.0,10141,7,5,1998,832,885,1718,2,3,1,3,7,94,2009,0,1,0,0,1
1.0,10200,5,7,1954,1086,1086,1086,1,3,1,3,6,0,2010,0,1,0,0,1
1.0,5790,3,6,1915,840,840,1605,2,3,2,3,8,0,2010,0,1,0,0,0
1.0,1596,4,5,1973,462,526,988,1,2,1,3,5,101,2009,0,0,0,1,1
1.0,8475,4,7,1956,952,952,952,1,2,1,3,4,0,2008,0,0,0,0,1
1.0,8635,5,5,1948,672,1072,1285,1,2,1,3,6,0,2008,0,0,0,1,1
1.0,10778,4,5,1968,1768,1768,1768,2,4,2,3,8,0,2010,0,0,0,1,0
1.0,10440,5,6,1910,440,682,1230,1,2,1,3,5,0,2009,0,1,0,0,1
1.0,13000,6,6,1968,896,1182,2142,2,4,1,4,8,72,2009,0,0,0,1,1
1.0,4500,6,5,1998,1237,1337,1337,2,2,1,3,5,199,2006,0,0,0,0,1
1.0,10206,8,5,2007,1563,1563,1563,2,3,1,4,6,99,2008,0,0,0,0,1
1.0,8892,5,5,1960,1065,1065,1065,1,3,1,3,6,0,2007,0,1,0,0,1
1.0,8530,7,5,1995,384,804,1474,2,3,1,3,7,72,2009,0,1,0,0,1
1.0,16059,8,5,1991,1288,1301,2417,2,4,1,4,9,82,2006,0,0,0,0,1
1.0,11911,6,5,2005,684,684,1560,2,3,1,4,6,38,2009,0,0,0,0,1
1.0,3951,6,5,2009,612,612,1224,2,2,1,4,4,234,2009,0,0,0,0,1
1.0,8470,3,2,1915,1013,1013,1526,1,2,1,2,6,0,2009,0,0,0,1,0
1.0,8070,4,5,1994,990,990,990,1,3,1,3,5,0,2007,0,0,0,0,1
1.0,7200,4,5,1950,0,1040,1040,1,2,1,3,4,29,2006,0,0,0,1,1
1.0,8500,5,3,1961,1235,1235,1235,1,2,1,3,6,0,2006,0,0,0,1,1
1.0,13360,5,7,1921,876,964,964,1,2,1,3,5,0,2009,0,0,0,0,1
1.0,7200,6,6,1910,1214,1260,2291,2,4,2,3,9,0,2007,0,0,0,0,0
1.0,9337,6,5,1997,824,905,1786,2,3,1,4,7,162,2007,0,0,0,0,1
1.0,9765,6,8,1993,680,680,1470,2,3,1,3,6,63,2009,0,1,0,0,1
1.0,10264,7,5,1999,1588,1588,1588,2,3,1,4,6,29,2006,0,0,0,0,1
1.0,10921,4,5,1965,960,960,960,1,3,1,3,6,0,2007,0,0,0,1,1
1.0,10625,5,5,1920,458,835,835,1,2,1,3,5,0,2010,1,0,0,0,0
1.0,9320,4,5,1959,950,1225,1225,1,3,1,3,6,0,2010,1,0,0,0,1
1.0,10603,6,7,1977,1610,1610,1610,2,3,1,4,6,68,2010,0,1,0,0,1
1.0,9206,6,5,1985,741,977,1732,2,3,1,4,7,46,2010,0,0,0,1,1
1.0,7018,5,5,1979,0,1535,1535,2,4,2,3,8,0,2009,0,0,0,1,1
1.0,10402,7,5,2009,1226,1226,1226,2,3,1,4,6,36,2010,0,0,0,0,1
1.0,7758,7,4,1931,1040,1226,1818,1,4,1,3,7,0,2007,0,0,0,0,1
1.0,9375,8,5,2003,1053,1053,1992,2,3,1,4,9,45,2008,0,0,0,0,1
1.0,10800,4,7,1885,641,1047,1047,1,2,1,3,6,0,2007,0,1,0,0,1
1.0,6000,5,5,1948,789,789,789,1,2,1,3,5,0,2008,0,0,0,0,1
1.0,8500,5,7,1919,793,997,1517,2,3,1,2,7,0,2007,0,0,0,1,0
1.0,11751,6,6,1977,1844,1844,1844,2,3,1,3,7,122,2010,0,0,0,0,1
1.0,9525,6,4,1954,994,1216,1855,2,4,1,3,7,0,2006,0,1,0,0,1
1.0,7750,7,5,2000,384,774,1430,2,3,1,3,7,0,2010,0,0,0,0,1
1.0,9965,7,5,2007,1264,1282,2696,2,4,1,5,10,184,2007,0,0,0,0,1
1.0,21000,6,5,1953,1809,2259,2259,2,3,1,4,7,120,2007,0,0,0,1,1
1.0,7259,6,8,1945,1028,1436,2320,2,3,1,4,9,0,2007,0,0,0,0,1
1.0,3230,6,5,1999,729,729,1458,2,2,1,3,5,32,2007,0,1,0,0,1
1.0,11616,5,5,1962,1092,1092,1092,1,3,1,3,6,20,2009,0,0,0,1,1
1.0,8536,5,5,2006,1125,1125,1125,1,2,1,3,5,64,2007,0,1,0,0,1
1.0,12376,7,5,1990,1673,1699,3222,3,5,1,4,11,0,2010,0,1,0,0,1
1.0,8461,6,5,2005,728,728,1456,2,3,1,4,8,24,2006,0,0,0,0,1
1.0,21453,6,5,1969,938,988,988,1,1,1,3,4,130,2006,0,0,0,0,1
1.0,6060,4,5,1939,732,772,1123,1,3,1,3,4,0,2007,0,1,0,0,1
1.0,9464,6,7,1958,1080,1080,1080,1,3,1,3,5,0,2008,0,1,0,0,1
1.0,7892,6,5,1993,1199,1199,1199,2,2,1,4,5,63,2008,0,0,0,0,1
1.0,17043,6,5,1979,1362,1586,1586,2,3,1,3,7,0,2009,0,0,0,1,1
1.0,6780,6,8,1935,520,520,754,1,2,1,3,5,0,2006,0,1,0,0,0
1.0,4928,6,5,1976,1078,958,958,2,2,1,3,5,205,2007,0,0,0,1,1
1.0,4388,5,7,1930,672,840,840,1,3,1,3,5,0,2007,0,0,0,0,1
1.0,7590,6,5,1966,660,660,1348,1,3,1,3,6,108,2006,0,0,0,1,1
1.0,8973,5,7,1958,1008,1053,1053,1,3,1,5,6,80,2006,0,0,0,1,1
1.0,14200,7,6,1966,924,1216,2157,2,4,1,4,8,66,2006,0,0,0,0,1
1.0,12224,6,5,2000,992,1022,2054,2,3,1,4,7,48,2009,0,0,0,0,1
1.0,7388,5,6,1959,1063,1327,1327,1,3,1,4,7,0,2007,0,1,0,0,1
1.0,6853,8,5,2001,1267,1296,1296,2,2,1,4,6,25,2009,0,0,0,0,1
1.0,10335,5,6,1968,1461,1721,1721,2,3,1,3,7,96,2006,0,1,0,0,1
1.0,10400,7,6,1970,1304,1682,1682,2,3,1,3,7,0,2008,0,1,0,0,1
1.0,10355,5,5,1967,1214,1214,1214,2,3,1,3,5,111,2007,0,0,0,1,1
1.0,11070,7,5,1988,1907,1959,1959,3,5,2,3,9,0,2006,0,1,0,0,1
1.0,9066,8,5,1999,1004,1004,1852,2,3,1,4,7,106,2008,0,0,0,0,1
1.0,15426,6,5,1997,928,928,1764,2,3,1,4,7,99,2009,0,0,0,0,1
1.0,10500,4,5,1971,864,864,864,1,3,1,3,5,0,2010,0,0,0,1,1
1.0,11645,7,5,2005,1734,1734,1734,2,3,1,4,7,24,2006,0,0,0,0,1
1.0,8520,5,4,1952,910,910,1385,2,4,1,3,6,0,2010,1,0,0,0,1
1.0,10335,7,5,1999,1490,1501,1501,2,3,1,4,6,29,2009,0,0,0,0,1
1.0,9100,5,5,1963,1728,1728,1728,2,6,2,3,10,0,2006,0,0,0,1,1
1.0,2522,6,5,2004,970,970,1709,2,3,1,4,7,40,2006,0,0,0,0,1
1.0,6120,5,7,1931,715,875,875,1,2,1,3,5,0,2009,0,0,0,1,1
1.0,9505,7,5,2001,884,884,2035,2,3,1,4,8,48,2010,0,0,0,0,1
1.0,7500,7,5,2004,1080,1080,1080,1,3,1,4,6,0,2008,0,0,0,0,1
1.0,6240,5,4,1936,896,896,1344,1,3,1,3,7,114,2006,0,1,0,0,1
1.0,10356,5,6,1975,969,969,969,1,3,1,3,5,0,2007,0,0,0,1,1
1.0,13891,8,5,2007,1710,1710,1710,2,2,1,4,6,102,2008,0,0,0,0,1
1.0,14803,6,5,1971,825,1097,1993,2,4,1,3,8,66,2006,0,1,0,0,1
1.0,13500,6,7,1960,1602,1252,1252,1,1,1,3,4,0,2008,0,1,0,0,1
1.0,11340,6,5,1923,1200,1200,1200,1,4,1,3,7,0,2006,0,0,0,1,1
1.0,9600,6,5,1924,572,572,1096,1,2,1,3,5,8,2008,1,0,0,0,0
1.0,7200,5,7,1950,0,1040,1040,1,2,1,3,5,0,2006,0,0,0,1,1
1.0,12003,8,5,2009,774,774,1968,2,4,1,5,8,75,2010,0,0,0,0,1
1.0,12552,7,5,2004,991,991,1947,2,3,1,4,8,136,2010,0,0,0,0,1
1.0,19378,7,5,2005,1392,1392,2462,2,4,1,4,9,132,2006,0,0,0,0,1
1.0,11120,6,6,1984,1232,1232,1232,2,3,1,3,6,0,2008,0,0,0,1,1
1.0,13688,9,5,2003,1572,1572,2668,2,3,1,5,10,0,2008,0,0,0,0,1
1.0,12182,7,5,2005,1541,1541,1541,2,3,1,4,7,70,2010,0,0,0,0,1
1.0,5500,4,6,1956,882,882,882,1,1,1,3,4,0,2007,0,0,0,0,1
1.0,5400,6,7,1926,1149,1149,1616,2,3,1,4,5,0,2007,0,1,0,0,1
1.0,10106,5,7,1940,644,808,1355,2,4,2,3,6,0,2008,0,1,0,0,1
1.0,10708,5,5,1955,1617,1867,1867,1,2,1,3,7,0,2009,0,0,0,0,1
1.0,10562,8,5,2007,1582,1610,2161,1,3,1,5,8,120,2007,0,0,0,0,1
1.0,8244,7,5,2004,840,840,1720,2,3,1,4,7,48,2007,0,0,0,0,1
1.0,16669,8,6,1981,1686,1707,1707,2,2,1,3,6,64,2006,0,0,0,1,1
1.0,12358,5,6,1941,720,854,1382,1,2,1,3,7,0,2007,0,0,0,1,1
1.0,31770,6,5,1960,1080,1656,1656,1,3,1,3,7,62,2010,1,0,0,0,1
1.0,5306,7,7,1987,1064,1064,1767,2,2,1,4,5,35,2006,0,1,0,0,1
1.0,10197,6,5,1961,1362,1362,1362,1,3,1,3,6,20,2008,0,0,0,1,1
1.0,12416,6,5,1986,1606,1651,1651,2,3,1,3,7,0,2008,0,0,0,1,1
1.0,12615,6,7,1950,1202,2158,2158,2,4,1,4,7,29,2007,0,0,0,1,1
1.0,10029,6,5,1988,1151,1164,2060,2,4,1,3,8,228,2007,0,0,0,1,1
1.0,13650,5,5,1958,1052,1252,1920,2,4,1,4,8,0,2006,0,0,0,0,1
1.0,17423,9,5,2008,2216,2234,2234,2,1,1,5,9,60,2009,0,0,0,0,1
1.0,8520,5,6,1923,968,968,968,1,2,1,3,5,0,2007,0,0,0,1,1
1.0,2117,6,5,2000,756,769,1525,2,3,1,4,5,0,2007,0,0,0,0,1
1.0,7588,7,6,1920,793,901,1802,1,4,1,3,9,0,2006,0,1,0,0,1
1.0,9060,5,6,1957,0,1340,1340,1,3,1,3,7,0,2007,0,0,0,0,1
1.0,11426,7,5,2003,1362,1362,2082,2,3,1,4,6,238,2008,0,0,0,0,1
1.0,7438,5,8,1908,504,936,1252,1,3,1,3,5,0,2006,0,1,0,0,1
1.0,22950,10,9,1892,1107,1518,3608,2,4,1,5,12,260,2006,0,0,0,0,1
1.0,9947,7,5,1990,1188,1217,1217,2,3,1,4,6,27,2009,0,0,0,0,1
1.0,10410,5,7,1916,660,808,1656,2,3,1,3,8,0,2009,0,0,0,0,1
1.0,7018,5,5,1979,1086,1224,1224,0,2,2,3,6,0,2009,0,0,0,1,1
1.0,4923,8,5,2001,1593,1593,1593,1,0,1,5,5,120,2008,0,0,0,0,1
1.0,10570,8,8,1932,853,1549,2727,2,3,1,4,10,74,2007,0,0,0,1,1
1.0,7472,7,9,1972,725,725,1479,1,4,1,4,7,32,2007,0,1,0,0,1
1.0,9017,7,5,1999,1431,1431,1431,2,3,1,4,6,35,2009,0,0,0,0,1
1.0,2522,7,5,2004,970,970,1709,2,3,1,4,7,40,2006,0,0,0,0,1
1.0,7180,5,7,1972,864,864,864,1,3,1,3,5,0,2008,0,0,0,1,1
1.0,2280,6,6,1976,855,855,1456,2,3,1,3,7,0,2009,0,0,0,1,1
1.0,9416,7,5,2007,1726,1726,1726,2,3,1,5,8,138,2007,0,0,0,0,1
1.0,25419,8,4,1918,1360,1360,3112,2,4,1,4,8,16,2006,0,1,0,0,1
1.0,5520,6,6,1912,755,929,2229,1,5,1,3,8,198,2009,0,0,0,0,1
1.0,9591,8,5,2004,1713,1713,1713,2,3,1,5,7,26,2009,0,0,0,0,1
1.0,8546,4,5,2003,1121,1121,1121,2,2,1,3,5,64,2010,0,0,0,0,1
1.0,10125,6,6,1977,1196,1279,1279,2,3,1,3,6,83,2008,0,0,0,1,1
1.0,7000,6,6,1924,617,865,1310,2,2,1,3,6,0,2006,0,1,0,0,1
1.0,4438,6,5,2004,848,848,848,1,1,1,4,3,0,2008,0,0,0,0,1
1.0,3500,5,7,1947,720,720,1284,1,2,1,3,5,35,2009,0,0,0,1,1
1.0,11851,7,5,1990,1424,1442,1442,2,3,1,3,5,34,2009,0,0,0,0,1
1.0,13673,5,5,1962,1140,1696,1696,1,3,1,3,8,30,2007,0,0,0,1,1
1.0,12493,4,5,1960,1100,1100,1100,1,3,1,3,6,0,2008,0,0,0,1,1
1.0,14364,7,5,1988,1157,1180,2062,2,3,1,3,7,55,2007,0,0,0,0,1
1.0,8250,6,7,1964,1092,1092,1092,1,3,1,3,6,0,2008,0,0,0,0,1
1.0,5604,5,6,1925,864,864,864,1,2,1,3,5,0,2008,0,0,0,1,0
1.0,10420,6,5,2009,1212,1212,1212,2,3,1,4,6,22,2010,0,0,0,0,1
1.0,8640,7,5,2009,900,932,1852,2,3,1,4,7,108,2009,0,0,0,0,1
1.0,13568,5,5,1995,990,990,990,1,3,1,3,5,0,2006,0,0,0,0,1
1.0,10900,6,7,1977,689,689,1392,1,3,1,3,6,36,2010,0,0,0,0,1
1.0,10011,5,6,1957,1070,1236,1236,1,2,1,4,6,0,2006,0,0,0,1,1
1.0,8450,7,5,2004,1436,1436,1436,2,3,1,4,8,98,2008,0,0,0,0,1
1.0,9906,4,4,1925,686,810,1328,1,3,1,3,8,172,2006,1,0,0,0,0
1.0,15660,7,9,1939,798,1137,1954,1,3,1,4,8,119,2008,0,0,0,0,1
1.0,3010,7,5,2005,1248,1248,1248,2,2,1,4,5,0,2006,0,0,0,0,1
1.0,8990,7,5,2006,1498,1498,1498,2,2,1,4,5,33,2006,0,0,0,0,1
1.0,8068,6,5,2002,1010,1010,2267,2,4,1,4,8,46,2009,0,0,0,0,1
1.0,11475,6,6,1975,713,811,1552,2,3,1,3,6,208,2006,0,0,0,1,1
1.0,10500,4,6,1971,864,864,864,1,2,1,3,4,0,2009,0,1,0,0,1
1.0,13472,10,5,2003,2392,2392,2392,2,3,1,5,8,105,2009,0,0,0,0,1
1.0,1680,5,5,1971,630,630,1302,2,3,1,3,6,0,2009,0,0,0,1,1
1.0,9950,7,5,1995,1203,1214,2520,2,4,1,4,9,114,2007,0,0,0,0,1
1.0,1869,6,6,1970,483,483,987,1,2,1,3,5,0,2008,0,0,0,1,1
1.0,8521,5,5,1967,912,912,912,1,3,1,3,5,0,2010,0,0,0,1,1
1.0,3182,7,5,2005,1373,1555,1555,2,2,1,4,7,20,2009,0,0,0,0,1
1.0,8760,6,6,1959,1194,1194,1194,1,3,1,3,6,0,2010,0,0,0,1,1
1.0,15138,8,5,1995,1462,1490,2794,2,4,1,5,9,146,2009,0,0,0,0,1
1.0,1680,6,5,1972,483,483,987,1,2,1,3,5,0,2006,0,0,0,1,1
1.0,10650,5,6,1976,894,894,894,1,3,1,3,5,0,2010,0,0,0,1,1
1.0,7851,6,5,2002,860,860,1960,2,4,1,4,8,48,2010,0,0,0,0,1
1.0,1680,6,3,1971,483,483,987,1,2,1,3,5,0,2008,0,0,0,1,1
1.0,8773,7,5,2004,1414,1414,1414,2,3,1,4,6,105,2010,0,0,0,0,1
1.0,9453,7,7,1993,996,1014,1744,2,3,1,4,7,70,2010,0,0,0,0,1
1.0,12030,8,5,2007,1694,1694,1694,2,3,1,4,7,228,2007,0,0,0,0,1
1.0,8741,6,4,1945,735,798,1487,1,3,1,3,7,140,2010,0,0,0,1,1
1.0,9000,8,5,2008,1566,1566,1566,2,3,1,4,7,168,2010,0,0,0,0,1
1.0,3880,5,9,1945,686,866,866,1,2,1,4,4,42,2007,0,1,0,0,1
1.0,5000,5,4,1900,540,889,1440,1,3,1,3,6,0,2006,0,1,0,0,0
1.0,10762,6,6,1980,626,626,1217,1,3,1,3,6,28,2009,0,0,0,1,1
1.0,8880,7,5,1994,948,1222,2110,2,3,1,4,8,130,2010,0,0,0,0,1
1.0,10400,7,5,1988,1845,1872,1872,2,3,1,3,6,39,2006,0,1,0,0,1
1.0,9142,6,8,1910,1020,908,1928,2,4,2,2,9,60,2006,0,1,0,0,0
1.0,11310,6,5,1954,1367,1375,1375,1,2,1,3,5,30,2006,0,0,0,0,1
1.0,11317,7,5,2003,840,840,1668,2,3,1,4,8,68,2007,0,0,0,0,1
1.0,159000,6,7,1958,1444,1444,2144,2,4,1,4,7,98,2007,0,1,0,0,1
1.0,5350,3,2,1940,728,1306,1306,1,3,1,2,6,0,2010,0,0,0,0,1
1.0,4750,8,5,2006,1573,1625,1625,2,2,1,4,5,0,2007,0,0,0,0,1
1.0,8366,6,5,2004,798,798,1640,2,3,1,4,6,45,2008,0,0,0,0,1
1.0,9350,6,7,1964,1302,1302,1302,2,3,1,4,7,0,2007,0,0,0,0,1
1.0,8400,5,6,1957,1314,1314,1314,1,3,1,3,5,0,2010,0,0,0,1,1
1.0,8738,7,5,1999,975,1005,2291,2,4,1,4,8,0,2006,0,0,0,0,1
1.0,8791,6,5,2003,864,864,1728,2,3,1,4,7,56,2008,0,0,0,0,1
1.0,8814,7,5,2006,1604,1604,1604,2,3,1,4,8,110,2009,0,0,0,0,1
1.0,12435,7,5,2001,963,963,1792,2,3,1,4,7,96,2008,0,0,0,0,1
1.0,12702,5,5,1956,0,882,882,1,2,1,3,4,45,2008,0,1,0,0,1
1.0,19296,6,5,1962,1362,1382,1382,1,3,1,3,6,0,2009,0,0,0,1,1
1.0,9588,8,5,2007,1482,1482,2574,2,3,1,5,10,148,2007,0,0,0,0,1
1.0,8471,6,7,1977,506,1212,1212,1,3,1,3,6,12,2006,0,0,0,1,1
1.0,5500,5,7,1929,926,926,1316,1,3,1,3,6,0,2010,0,0,0,1,1
1.0,5232,5,5,1925,680,764,764,1,2,1,3,4,0,2008,0,1,0,0,0
1.0,12090,6,6,1981,1422,1422,1422,2,3,1,4,7,0,2008,0,0,0,1,1
1.0,11207,6,5,1997,802,802,1511,2,3,1,3,8,75,2006,0,1,0,0,1
1.0,8400,5,8,1939,720,1052,2192,2,4,1,4,8,24,2008,0,0,0,0,1
1.0,6900,5,6,1940,740,778,778,1,2,1,3,4,25,2008,0,0,0,0,1
1.0,7917,6,7,1976,1143,1113,1113,1,3,1,3,6,30,2007,0,0,0,1,1
1.0,10728,8,5,2006,1095,1095,1939,2,3,1,4,8,51,2006,0,1,0,0,1
1.0,39104,7,7,1954,1385,1363,1363,1,2,1,3,5,0,2008,0,0,0,0,1
1.0,11764,8,7,1999,1152,1164,2270,2,4,1,4,9,57,2010,0,0,0,0,1
1.0,9600,6,6,1958,1240,1632,1632,2,3,1,3,6,0,2009,0,1,0,0,1
1.0,8314,5,7,1982,816,816,816,1,2,1,3,5,0,2007,0,0,0,1,1
1.0,7264,7,7,1925,952,952,1548,2,3,1,5,5,0,2009,0,1,0,0,0
1.0,9196,7,5,2003,1560,1560,1560,2,3,1,4,7,150,2010,0,0,0,0,1
1.0,19138,4,5,1951,864,864,864,1,2,1,3,4,0,2010,0,0,0,0,1
1.0,14450,9,5,2006,2121,2121,2121,2,3,1,5,8,98,2007,0,0,0,0,1
1.0,10005,7,5,1977,1160,1156,2022,2,4,1,3,8,117,2008,0,0,0,0,1
1.0,11287,7,6,1989,807,1175,1982,2,3,1,4,7,84,2007,0,1,0,0,1
1.0,7200,6,5,2006,1262,1262,1262,2,2,1,4,5,120,2006,0,1,0,0,1
1.0,5063,7,5,2007,1314,1314,1314,2,2,1,4,6,62,2009,0,0,0,0,1
1.0,9612,8,5,2008,1468,1468,1468,2,3,1,4,6,150,2009,0,0,0,0,1
1.0,8012,6,5,1992,1575,1575,1575,2,2,1,4,5,0,2007,0,1,0,0,1
1.0,4251,7,5,2006,625,625,1250,2,2,1,4,5,54,2007,0,0,0,0,1
1.0,9786,6,7,1962,912,1085,1734,1,3,1,4,7,0,2006,0,0,0,1,1
1.0,8125,4,4,1971,858,858,858,1,3,1,3,5,0,2006,0,0,0,1,1
1.0,9819,5,5,1967,882,900,900,1,3,1,3,5,0,2010,0,0,0,1,1
1.0,8730,6,7,1915,698,698,1396,1,3,1,3,7,0,2007,0,0,0,0,1
1.0,15611,8,5,2006,1079,1079,1919,2,3,1,4,8,51,2006,0,0,0,0,1
1.0,5687,5,6,1912,780,936,1716,2,6,1,2,9,184,2008,0,0,0,0,0
1.0,11409,5,4,1949,768,1148,1716,1,3,1,3,8,0,2009,0,1,0,0,1
1.0,16659,7,7,1977,795,1468,2263,2,3,1,4,9,250,2006,1,0,0,0,1
1.0,9600,6,5,1953,1416,1644,1644,1,3,1,3,7,0,2009,0,0,0,1,1
1.0,7937,6,6,1984,1003,1003,1003,1,3,1,3,6,0,2006,0,0,0,1,1
1.0,13710,5,5,1950,910,910,1558,1,4,1,3,6,0,2007,0,0,0,1,1
1.0,7399,7,5,1997,975,975,1950,2,3,1,4,7,10,2007,0,0,0,0,1
1.0,11700,6,6,1968,702,1041,1743,1,3,1,3,7,0,2007,0,1,0,0,1
1.0,14000,6,8,1950,1092,1152,1152,1,3,1,4,6,36,2009,0,0,0,0,1
1.0,15750,5,5,1953,1165,1336,1336,1,2,1,3,5,0,2006,0,0,0,1,1
1.0,16226,8,5,1998,1028,1210,2452,2,4,1,4,9,50,2007,0,0,0,0,1
1.0,13704,7,5,2001,1541,1541,1541,2,3,1,4,6,81,2006,0,0,0,0,1
1.0,9800,5,7,1972,894,894,894,1,3,1,3,5,0,2006,0,0,0,1,1
1.0,18386,7,9,1880,1470,1675,3493,3,3,1,4,10,0,2008,0,0,0,0,1
1.0,10386,8,5,2004,2000,2000,2000,2,3,1,4,8,0,2007,0,0,0,0,1
1.0,13474,7,5,1990,700,1122,2243,2,4,1,4,8,44,2007,0,1,0,0,1
1.0,7920,6,7,1920,319,1035,1406,1,3,1,2,6,144,2008,0,0,0,1,1
1.0,12342,4,5,1940,861,861,861,1,1,1,3,4,0,2009,0,0,0,0,1
1.0,12378,9,5,2003,1896,1944,1944,2,3,1,5,8,175,2006,0,0,0,0,1
1.0,7685,6,5,1993,697,697,1501,2,3,1,4,6,63,2006,0,1,0,0,1
1.0,8000,6,6,1948,972,972,972,1,2,1,3,5,0,2009,0,0,0,0,1
1.0,7800,5,7,1939,793,793,1118,1,3,1,3,5,0,2006,0,0,0,1,1
1.0,215245,7,5,1965,2136,2036,2036,2,3,1,3,8,0,2009,0,0,0,1,1
1.0,9600,7,7,1925,728,832,1641,1,3,1,5,6,0,2006,0,0,0,0,1
1.0,7795,7,5,2004,716,716,1432,2,3,1,4,6,51,2009,0,0,0,0,1
1.0,13005,7,7,1980,845,1153,2353,2,4,1,5,10,195,2009,0,0,0,1,1
1.0,9000,8,5,2006,1088,1088,1959,2,3,1,4,8,46,2007,0,0,0,0,1
1.0,9900,7,5,1993,1347,1372,2646,2,4,1,4,9,60,2009,0,0,0,0,1
1.0,14115,7,5,1980,1372,1472,1472,2,3,1,3,6,48,2009,0,0,0,1,1
1.0,16259,9,5,2006,1249,1249,2596,3,4,1,4,9,154,2006,0,0,0,0,1
1.0,12099,8,5,2004,1136,1136,2468,2,4,1,4,10,154,2007,0,0,0,0,1
1.0,10380,7,5,1986,1502,1553,2730,2,4,1,4,8,96,2007,0,0,0,0,1
1.0,5820,3,8,1955,1162,1163,1163,1,3,1,3,6,98,2006,0,0,0,0,1
1.0,11275,7,7,1967,710,1898,2978,2,5,1,4,11,0,2010,0,0,0,0,1
1.0,5000,5,6,1941,720,803,803,1,2,1,3,5,0,2007,0,0,1,0,0
1.0,10846,8,5,1993,1719,1719,1719,1,1,1,4,6,30,2008,0,0,0,0,1
1.0,11600,6,5,1960,1383,1383,1383,1,3,1,3,7,45,2006,0,0,0,1,1
1.0,11888,6,6,1916,844,1445,2134,2,5,1,4,10,60,2009,0,1,0,0,0
1.0,6402,5,5,1920,596,596,1192,1,3,1,3,6,0,2009,0,0,0,1,0
1.0,10624,5,4,1964,1728,1728,1728,2,6,2,3,10,0,2007,0,0,0,1,1
1.0,8176,5,6,1958,1056,1056,1056,1,3,1,3,6,0,2007,1,0,0,0,1
1.0,10655,8,5,2003,3206,1629,1629,2,3,1,4,7,0,2009,0,0,0,0,1
1.0,8198,7,5,2004,1358,1358,1358,2,2,1,4,6,30,2008,0,0,0,0,1
1.0,9042,6,5,1998,943,943,1638,2,3,1,3,7,38,2008,0,1,0,0,1
1.0,164660,5,6,1965,1499,1619,1786,2,3,1,3,7,0,2008,0,0,0,0,1
1.0,14157,9,5,2005,1922,1922,1922,2,3,1,4,8,51,2007,0,0,0,0,1
1.0,9135,7,5,2002,1536,1536,1536,2,3,1,4,7,74,2008,0,0,0,0,1
1.0,14145,7,7,1984,1208,1621,1621,2,3,1,4,8,45,2006,0,0,0,0,1
1.0,12400,6,7,1958,1215,1215,1215,1,3,1,3,6,0,2009,0,0,0,1,1
1.0,14191,8,5,2002,967,993,1908,2,4,1,4,9,0,2010,0,0,0,0,1
1.0,8400,4,4,1950,721,841,841,1,2,1,3,4,0,2009,0,1,0,0,1
1.0,8544,3,4,1949,0,1040,1040,2,2,2,3,6,0,2006,1,0,0,0,0
1.0,8849,9,5,2005,1684,1684,1684,2,2,1,5,6,72,2008,0,0,0,0,1
1.0,2592,5,3,1976,536,536,1112,1,3,1,3,4,0,2010,0,0,0,1,1
1.0,6435,6,5,1939,972,972,1577,1,3,1,2,6,0,2006,0,1,0,0,1
1.0,12772,6,8,1960,958,958,958,1,2,1,3,5,0,2007,0,0,0,1,1
1.0,17600,6,5,1960,1478,1478,1478,2,3,1,3,6,40,2009,0,0,0,0,1
1.0,2448,7,5,2003,764,764,1626,2,2,1,4,6,27,2008,0,0,0,0,1
1.0,20431,9,5,2005,1848,1848,2728,2,4,1,5,10,0,2006,0,0,0,0,1
1.0,7820,9,5,2007,1869,1869,1869,2,2,1,5,6,54,2007,0,0,0,0,1
1.0,5271,7,5,1986,1453,1453,1453,1,2,1,4,6,80,2006,0,1,0,0,1
1.0,9084,5,6,1941,616,616,1111,1,3,1,3,5,0,2008,0,0,0,1,0
1.0,8520,6,8,1928,624,720,720,1,2,1,3,5,0,2010,0,1,0,0,1
1.0,8400,6,5,1940,940,1192,1595,1,2,1,3,6,0,2006,0,0,0,0,1
1.0,11249,6,5,1995,1200,1200,1200,2,3,1,4,6,26,2007,0,0,0,0,1
1.0,9248,6,6,1992,1158,1167,1167,2,3,1,4,6,26,2009,0,1,0,0,1
1.0,4224,5,5,1976,1142,1142,1142,1,3,1,3,6,90,2007,0,0,0,1,1
1.0,6930,5,4,1958,1062,1352,1352,1,3,1,4,6,0,2006,0,0,0,0,1
1.0,12011,8,5,1998,1086,1086,1924,2,3,1,4,7,75,2006,0,0,0,0,1
1.0,7540,6,6,1978,888,912,912,1,2,1,3,5,0,2007,0,0,0,0,1
1.0,9144,5,5,1940,883,988,1505,1,3,1,3,8,0,2008,0,1,0,0,1
1.0,7301,7,5,2003,0,495,1922,3,4,1,4,7,0,2009,0,0,0,0,1
1.0,1680,6,8,1972,483,483,987,1,2,1,4,5,0,2009,0,1,0,0,1
1.0,18800,6,5,1976,796,790,1574,2,3,1,3,6,111,2006,0,0,0,1,1
1.0,10690,5,7,1920,672,672,1344,1,3,1,3,6,128,2009,0,1,0,0,1
1.0,9500,6,5,1963,1394,1394,1394,1,3,1,3,6,76,2009,0,1,0,0,1
1.0,9150,6,5,1962,1099,1431,1431,1,3,1,3,6,110,2008,0,1,0,0,1
1.0,7800,5,6,1954,1268,1268,1268,1,2,1,3,7,98,2010,0,1,0,0,1
1.0,9830,5,7,1959,1063,1287,1287,1,3,1,4,7,17,2010,0,0,0,0,1
1.0,8121,6,5,2000,953,953,1664,2,3,1,3,7,40,2006,0,0,0,0,1
1.0,17120,4,4,1959,0,1120,1588,2,4,1,3,7,59,2008,0,0,0,1,1
1.0,7175,6,5,1984,744,752,752,1,2,1,3,4,0,2010,0,0,0,1,1
1.0,10634,5,6,1953,608,1319,1319,1,3,1,3,5,0,2009,0,0,0,1,1
1.0,8200,7,5,2003,847,847,1928,2,4,1,4,8,48,2007,0,0,0,0,1
1.0,10020,1,1,1922,683,904,904,0,1,1,2,4,0,2009,0,1,0,0,0
1.0,8846,5,5,1996,870,914,914,1,2,1,3,5,0,2006,0,0,0,0,1
1.0,11143,8,5,2004,1580,1580,2466,3,4,1,4,8,214,2007,0,0,0,0,1
1.0,11394,9,2,2010,1856,1856,1856,1,1,1,5,8,0,2010,0,0,0,0,1
1.0,8123,6,5,2000,982,1007,1800,2,3,1,3,7,63,2009,0,0,0,0,1
1.0,5000,5,6,1924,1026,1026,1691,2,3,1,4,6,0,2010,0,0,0,1,1
1.0,7200,7,5,2006,1293,1301,1301,2,2,1,4,5,121,2006,0,0,0,0,1
1.0,9245,7,5,2006,939,939,1797,2,3,1,4,8,53,2007,0,0,0,0,1
1.0,9000,6,3,1928,784,784,784,1,2,1,3,5,0,2009,0,0,0,1,0
1.0,53107,6,5,1992,1580,1079,1953,2,3,1,4,9,231,2007,0,0,0,0,1
1.0,3182,8,5,2004,1256,1269,1269,2,2,1,4,6,20,2010,0,0,0,0,1
1.0,8410,5,3,1910,658,658,1184,1,5,1,3,8,151,2006,0,0,0,1,1
1.0,7200,6,6,1976,1041,1125,1125,1,3,1,3,6,0,2009,0,0,0,0,1
1.0,9382,7,5,1999,1468,1479,1479,2,3,1,4,6,25,2008,0,0,0,0,1
1.0,12474,10,5,2007,1682,1742,2332,2,3,1,5,9,134,2008,0,0,0,0,1
1.0,8405,5,8,1900,861,961,1367,1,4,1,3,7,130,2008,0,0,0,0,1
1.0,12209,6,5,2001,804,804,1961,2,3,1,4,7,192,2009,0,0,0,0,1
1.0,8339,5,7,1959,0,882,882,1,3,1,3,5,0,2007,0,0,0,1,1
1.0,7446,4,5,1941,788,788,788,1,2,1,3,4,0,2006,0,0,0,1,1
1.0,10134,5,6,1940,735,735,1034,1,2,1,3,5,39,2007,0,1,0,0,1
1.0,9571,5,6,1956,1144,1144,1144,1,3,1,3,6,0,2010,0,0,0,1,1
1.0,7200,5,5,1972,894,894,894,1,2,1,3,6,0,2009,0,0,0,1,1
1.0,7590,5,5,1962,864,876,1812,2,4,1,3,8,168,2007,0,0,0,1,1
1.0,8967,5,2,1920,961,1077,1077,1,2,1,3,6,0,2007,0,1,0,0,1
1.0,8125,7,5,2006,1092,1112,1550,2,2,1,4,7,168,2009,0,0,0,0,1
1.0,14963,8,5,1996,1260,1288,1288,1,1,1,5,4,30,2008,0,0,0,0,1
1.0,8767,7,5,2005,1310,1310,1310,2,3,1,4,6,0,2006,0,0,0,0,1
1.0,10200,5,8,1940,672,672,672,1,2,1,3,4,0,2008,0,0,0,0,1
1.0,12090,8,5,1998,1141,1165,2263,2,4,1,4,10,123,2006,0,1,0,0,1
1.0,10364,6,5,1995,806,806,1572,2,3,1,3,7,40,2007,0,1,0,0,1
1.0,9991,4,4,1976,1281,1620,1620,2,3,1,3,8,78,2009,0,0,0,0,1
1.0,10480,6,5,1936,1064,1166,1639,1,3,1,3,6,0,2008,0,0,0,0,1
1.0,15576,6,7,1915,840,840,1680,2,4,1,3,8,0,2008,0,0,0,0,1
1.0,14154,7,5,2006,1063,1071,2172,2,3,1,4,9,62,2007,0,0,0,0,1
1.0,10800,8,5,2007,1034,1050,2078,2,3,1,5,8,102,2008,0,0,0,0,1
1.0,9571,5,3,1958,1276,1276,1276,1,3,1,3,5,0,2009,0,0,0,1,1
1.0,34650,5,5,1955,1056,1056,1056,1,3,1,3,5,0,2006,0,0,0,1,0
1.0,4403,7,5,2009,1470,1478,1478,2,2,1,4,7,144,2010,0,0,0,0,1
1.0,8960,5,6,1927,1008,1028,1028,1,2,1,3,5,0,2010,0,1,0,0,1
1.0,11228,7,5,1993,1080,1080,2097,2,3,1,4,9,187,2008,0,0,0,0,1
1.0,8899,7,5,2007,1340,1340,1340,2,3,1,4,6,30,2007,0,0,0,0,1
1.0,7844,6,7,1978,672,672,1400,1,3,1,3,6,0,2006,0,0,0,1,1
1.0,22420,6,6,1918,1370,1370,2624,2,4,1,3,10,0,2007,0,0,0,1,0
1.0,8160,5,6,1940,756,756,1134,1,3,1,3,7,0,2007,1,0,0,0,0
1.0,8450,5,6,1968,1056,1056,1056,1,3,1,3,6,85,2010,0,0,0,0,1
1.0,7060,7,5,1997,1344,1344,1344,2,2,2,3,8,0,2008,0,0,0,0,1
1.0,16635,6,7,1977,1602,1602,1602,2,3,1,4,8,0,2009,0,1,0,0,1
1.0,21750,5,5,1954,988,988,988,1,2,1,3,4,0,2008,0,0,0,0,1
1.0,9200,8,5,1998,1470,1470,2630,2,4,1,4,8,66,2008,0,1,0,0,1
1.0,9000,6,5,1956,1196,1196,1196,1,2,1,3,6,44,2008,0,1,0,0,1
1.0,3378,7,8,1946,651,707,1389,1,3,1,3,6,0,2009,0,1,0,0,1
1.0,12800,7,5,1989,1518,1644,1644,2,2,1,4,5,0,2009,0,1,0,0,1
1.0,8593,4,6,1957,907,907,907,1,3,1,3,5,0,2008,0,0,0,0,1
1.0,6762,7,5,2007,1208,1208,1208,2,2,1,4,6,54,2007,0,0,0,0,1
1.0,11457,6,5,1988,1392,1412,1412,2,3,1,4,6,0,2009,0,0,0,1,1
1.0,1680,6,5,1971,483,483,987,1,2,1,3,4,0,2008,0,0,0,1,1
1.0,5586,6,7,1920,901,1088,1198,1,4,1,3,7,98,2008,0,1,0,0,1
1.0,1920,5,5,1971,765,765,1365,1,2,1,3,6,36,2007,0,0,0,0,1
1.0,10839,6,5,1997,926,926,1604,2,3,1,3,7,36,2008,0,0,0,0,1
1.0,1890,4,7,1972,630,630,630,1,1,1,3,3,0,2008,0,1,0,0,1
1.0,10667,7,6,1996,799,827,1661,2,3,1,4,6,61,2009,0,0,0,0,1
1.0,4400,6,8,1920,648,734,1118,1,2,1,3,6,0,2006,0,0,0,1,1
1.0,6000,6,7,1926,884,904,904,1,2,1,3,4,0,2009,0,1,0,0,1
1.0,4280,5,6,1913,440,694,694,1,2,1,4,4,0,2007,0,0,0,1,0
1.0,12354,6,8,1920,684,684,1196,1,3,1,4,7,46,2009,0,1,0,0,1
1.0,15431,10,5,2008,3094,2402,2402,2,2,1,5,10,72,2009,0,0,0,0,1
1.0,12108,4,4,1955,1440,1440,1440,2,4,2,2,8,0,2008,0,0,0,1,0
1.0,6240,5,7,1930,1078,1128,1573,2,3,1,3,8,0,2008,0,0,0,1,1
1.0,3922,7,5,2006,1258,1258,1258,2,2,1,4,6,16,2007,0,0,0,0,1
1.0,8750,7,5,1994,915,933,1908,2,4,1,4,8,133,2008,0,0,0,0,1
1.0,9855,6,5,1956,1436,1689,1689,1,3,1,3,7,0,2009,1,0,0,0,1
1.0,16492,6,6,1966,1517,1888,1888,2,2,1,4,6,0,2010,0,0,0,0,1
1.0,11214,7,5,1998,930,956,1886,2,4,1,4,10,0,2006,0,1,0,0,1
1.0,8600,6,6,1937,780,780,1376,2,3,1,3,7,0,2006,0,0,0,1,1
1.0,6000,3,7,1948,649,679,1183,1,2,1,3,6,176,2007,0,0,0,0,1
1.0,5684,6,8,1930,813,813,813,1,2,1,4,5,113,2006,0,0,0,0,1
1.0,70761,7,5,1975,1533,1533,1533,2,2,1,4,5,54,2006,0,0,0,1,1
1.0,9303,6,5,1996,872,888,1756,2,3,1,3,7,122,2007,0,0,0,0,1
1.0,9000,8,5,2008,768,786,1590,2,3,1,4,6,30,2009,0,0,0,0,1
1.0,9297,5,5,1976,1728,1728,1728,2,4,2,3,8,0,2006,0,0,0,1,1
1.0,9600,7,6,1973,1242,1242,1242,1,3,1,3,6,0,2007,1,0,0,0,1
1.0,4571,5,5,1916,624,624,1344,1,4,1,3,7,0,2008,1,0,0,0,0
1.0,53227,4,6,1954,1364,1663,1663,1,2,1,4,6,137,2008,0,0,0,0,1
1.0,5100,8,7,1925,588,833,1666,1,3,1,4,7,63,2008,1,0,0,0,1
1.0,7015,5,4,1950,709,979,1203,1,3,1,4,5,0,2009,0,0,0,1,1
1.0,8004,8,5,2009,832,832,1935,2,3,1,3,8,150,2009,0,0,0,0,1
1.0,7200,7,9,1936,560,575,1135,1,3,1,4,6,0,2009,0,0,0,0,1
1.0,8281,5,5,1965,864,864,864,1,3,1,3,5,0,2009,0,1,0,0,1
1.0,11988,6,7,1934,715,849,1660,1,3,1,3,6,0,2008,1,0,0,0,1
1.0,8430,5,5,1978,1040,1040,1040,2,3,1,3,5,0,2009,0,0,0,1,1
1.0,3072,7,5,2004,1375,1414,1414,2,2,1,4,6,20,2006,0,0,0,0,1
1.0,10628,7,5,1970,1277,1277,1277,1,2,1,3,5,0,2007,0,0,0,1,1
1.0,9480,5,7,1942,728,888,1644,1,3,1,4,7,0,2007,0,0,0,0,1
1.0,11428,8,5,2006,1626,1634,1634,2,3,1,4,7,44,2007,0,0,0,0,1
1.0,9291,6,5,1993,832,832,1710,2,3,1,4,7,70,2008,0,0,0,0,1
1.0,6820,8,5,1985,1488,1502,1502,1,1,1,4,4,54,2010,0,0,0,1,1
1.0,11952,7,6,1977,808,1161,1969,2,3,1,3,8,0,2007,0,0,0,1,1
1.0,3675,6,5,2005,547,1072,1072,1,2,1,3,5,28,2008,0,0,0,0,1
1.0,14977,8,5,2006,1976,1976,1976,2,2,1,4,7,63,2007,0,0,0,0,1
1.0,5330,8,5,2000,1494,1652,1652,2,2,1,5,6,48,2007,0,0,0,0,1
1.0,8480,5,6,1963,970,970,970,1,2,1,3,5,24,2007,0,0,0,1,1
1.0,13125,6,5,1997,1478,1493,1493,2,3,1,4,7,39,2008,0,0,0,0,1
1.0,13693,9,5,2006,2153,2069,2643,2,3,1,5,9,84,2007,0,0,0,0,1
1.0,10637,8,5,2007,1705,1718,1718,2,3,1,4,7,44,2009,0,0,0,0,1
1.0,5925,4,7,1937,907,1131,1131,1,2,1,3,7,72,2007,0,0,0,1,1
1.0,16033,9,5,2004,1833,1850,1850,2,3,1,4,8,112,2006,0,0,0,0,1
1.0,11846,9,5,2003,1792,1792,1792,2,2,1,5,6,49,2006,0,0,0,0,1
1.0,2500,7,8,1915,910,916,1826,1,4,1,5,7,0,2009,0,0,0,0,1
1.0,4500,6,5,1998,1216,1216,1216,2,2,1,3,5,125,2006,0,0,0,0,1
1.0,7758,5,7,1962,999,999,999,1,3,1,4,6,132,2007,0,1,0,0,1
1.0,9600,5,7,1950,1113,1113,1113,1,3,1,4,5,80,2009,0,1,0,0,1
1.0,10289,5,7,1965,1073,1073,1073,1,3,1,3,6,0,2007,0,0,0,1,1
1.0,12243,5,6,1971,1484,1484,1484,2,3,1,3,7,0,2007,0,1,0,0,1
1.0,10800,5,4,1900,954,1766,2414,2,3,2,3,10,0,2006,0,0,0,1,0
1.0,1526,4,8,1970,630,630,630,1,1,1,4,3,0,2009,0,0,0,1,1
1.0,2665,5,6,1976,264,616,1304,1,3,1,3,4,24,2008,0,0,0,1,1
1.0,9490,6,7,1941,806,958,1578,1,3,1,2,5,0,2006,0,0,0,1,1
1.0,15578,6,5,2006,728,728,1456,2,3,1,3,8,0,2006,0,1,0,0,1
1.0,7931,5,6,1960,1269,1269,1269,1,3,1,3,6,0,2008,0,0,0,1,1
1.0,5784,5,8,1938,190,886,886,1,2,1,3,4,20,2009,0,1,0,0,1
1.0,7879,4,5,1920,720,720,720,1,2,1,3,4,523,2009,0,0,0,1,0
1.0,12692,8,5,1992,3200,3228,3228,3,4,1,4,10,75,2007,0,0,0,0,1
1.0,9120,7,6,1925,1026,1133,1820,2,4,1,3,8,100,2008,0,0,0,0,1
1.0,7800,5,7,1967,864,899,899,1,3,1,4,5,0,2009,0,0,0,0,1
1.0,7535,5,7,1958,912,912,912,1,2,1,3,5,285,2007,1,0,0,0,1
1.0,1890,6,5,1973,672,672,1218,1,3,1,3,7,28,2007,0,0,0,1,1
1.0,9803,7,5,2005,866,866,1768,2,3,1,4,7,108,2008,0,1,0,0,1
1.0,9170,5,7,1965,1214,1214,1214,1,2,1,3,6,0,2007,0,0,0,0,1
1.0,15602,7,8,1959,1501,1801,1801,2,1,1,3,6,54,2010,0,0,0,1,1
1.0,2308,6,5,1974,855,855,1322,2,3,1,3,6,0,2009,0,0,0,1,1
1.0,7596,5,5,1952,960,960,1960,2,4,2,3,10,0,2009,0,1,0,0,1
1.0,9554,8,5,1993,777,1065,1911,2,3,1,4,8,81,2006,0,0,0,0,1
1.0,7862,6,5,2009,1218,1218,1218,2,2,1,4,4,102,2009,0,0,0,0,1
1.0,9600,7,9,1928,689,689,1378,2,3,1,4,7,0,2008,0,0,0,0,1
1.0,9600,5,6,1959,1041,1041,1041,1,3,1,3,6,88,2009,0,0,0,0,1
1.0,14559,5,7,1951,1008,1363,1363,1,2,1,3,6,42,2009,0,0,0,0,1
1.0,6792,7,5,2005,1368,1368,1368,2,2,1,4,6,35,2006,0,0,0,0,1
1.0,9100,5,5,1958,864,864,864,1,3,1,3,5,0,2006,0,0,0,1,1
1.0,9187,6,5,1983,1084,1080,1080,1,3,1,3,5,0,2007,0,0,0,1,1
1.0,10594,5,5,1926,768,789,789,1,2,1,3,5,0,2007,1,0,0,0,0
1.0,12220,10,5,2009,2006,2020,2020,2,3,1,5,9,54,2009,0,0,0,0,1
1.0,10448,6,6,1972,689,1378,2119,2,3,1,3,7,104,2009,0,0,0,1,1
1.0,10208,7,5,1996,1264,1277,2344,2,3,1,4,7,0,2009,0,0,0,0,1
1.0,9531,6,5,1998,794,882,1796,2,3,1,3,7,36,2007,0,0,0,0,1
1.0,10918,7,9,1926,1276,1276,2080,1,3,1,4,9,0,2009,0,0,0,0,1
1.0,10800,4,7,1900,0,694,1294,2,3,2,3,7,114,2008,0,0,0,1,0
1.0,11988,6,6,1957,1244,1244,1244,1,3,1,3,6,40,2007,0,0,0,0,1
1.0,5000,6,7,1947,1004,1004,1664,2,3,1,3,7,24,2006,0,0,0,0,1
1.0,40094,10,5,2007,3138,3138,4676,3,3,1,5,11,406,2007,0,0,0,0,1
1.0,11787,7,5,1996,1379,1383,2398,2,3,1,4,8,60,2007,0,0,0,0,1
1.0,7500,7,5,2005,1257,1266,1266,2,3,1,4,6,144,2006,0,0,0,0,1
1.0,13300,5,7,1956,928,928,928,1,2,1,3,4,0,2007,0,0,0,1,1
1.0,14948,9,5,2008,1452,1476,2713,2,3,1,5,11,66,2008,0,0,0,0,1
1.0,9098,4,7,1920,528,605,605,1,2,1,3,5,0,2007,0,0,0,0,1
1.0,32668,6,3,1957,2035,2515,2515,3,4,2,3,9,0,2007,0,0,0,1,1
1.0,10200,6,5,1988,1461,1509,1509,2,3,1,4,5,0,2008,0,0,0,0,1
1.0,6155,6,8,1920,611,751,1362,2,3,1,3,6,0,2008,0,0,0,0,1
1.0,7200,5,7,1955,0,827,827,1,2,1,3,5,0,2010,0,0,0,0,1
1.0,5000,1,3,1946,0,334,334,1,1,1,2,2,0,2007,1,0,0,0,0
1.0,9056,8,5,2004,707,707,1414,2,3,1,4,6,35,2006,0,0,0,0,1
1.0,7000,5,7,1910,1117,820,1347,1,3,1,3,5,0,2008,0,0,0,1,1
1.0,8924,7,5,1998,880,880,1724,2,3,1,4,8,155,2008,0,0,0,0,1
1.0,12735,4,5,1972,864,864,864,1,3,1,3,5,0,2008,0,0,0,1,1
1.0,11553,5,5,1968,1051,1159,1159,1,3,1,3,7,0,2006,0,0,0,1,1
1.0,11423,8,5,2001,1581,1601,1601,2,3,1,4,6,0,2010,0,0,0,0,1
1.0,14601,9,5,2006,1838,1838,1838,2,2,1,5,8,68,2009,0,0,0,0,1
1.0,11000,8,5,2000,969,997,2285,2,4,1,4,8,56,2007,0,0,0,0,1
1.0,10140,7,5,1998,1650,1680,1680,2,3,1,4,7,73,2009,0,0,0,0,1
1.0,4058,7,5,1998,723,767,767,1,1,1,3,4,40,2007,0,0,0,0,1
1.0,17104,7,5,2006,654,664,1496,2,3,1,4,7,24,2006,0,0,0,0,1
1.0,13837,7,5,1988,1204,1377,2183,2,4,1,4,9,0,2006,0,1,0,0,1
1.0,8737,6,7,1923,1065,915,1635,1,3,1,3,6,38,2007,0,0,0,0,1
1.0,7244,5,7,1970,768,768,768,1,2,1,3,5,0,2007,0,0,0,0,1
1.0,8235,5,7,1955,825,825,825,1,2,1,3,4,50,2008,0,0,0,1,1
1.0,9375,7,5,2003,912,912,2094,2,4,1,4,8,182,2009,0,0,0,0,1
1.0,4043,6,6,1977,1069,1069,1069,2,2,1,3,4,55,2008,0,0,0,1,1
1.0,6000,5,6,1957,928,928,928,1,3,1,3,5,0,2008,0,1,0,0,1
1.0,11146,8,5,2006,1709,1717,1717,2,3,1,4,7,39,2009,0,0,0,0,1
1.0,8777,4,5,1949,0,1126,1126,2,2,1,4,5,96,2009,0,0,0,0,1
1.0,10625,7,5,2003,998,1006,2046,2,3,1,4,8,62,2008,0,0,0,0,1
1.0,6380,5,6,1922,993,1048,1048,1,2,1,3,5,0,2006,0,0,0,1,1
1.0,14850,5,5,1957,1092,1092,1092,1,2,1,3,6,0,2006,0,0,0,1,1
1.0,11040,4,6,1920,637,897,1336,1,3,1,3,7,47,2006,0,1,0,0,1
1.0,21872,7,5,1996,729,729,1446,2,3,1,3,6,22,2008,0,0,0,0,1
1.0,3196,7,5,2003,1374,1557,1557,2,2,1,4,7,20,2006,0,0,0,0,1
1.0,11341,5,6,1957,1392,1392,1392,1,3,1,3,5,0,2010,0,0,0,1,1
1.0,10010,5,5,1974,1389,1389,1389,1,2,1,3,6,38,2006,0,1,0,0,1
1.0,13907,5,6,1940,996,996,996,1,3,1,3,6,0,2008,0,0,0,0,1
1.0,21780,6,7,1918,1163,1163,1674,2,4,1,3,8,36,2008,0,0,0,0,1
1.0,13346,7,5,1992,1095,1166,2295,2,4,1,4,9,40,2006,0,0,0,0,1
1.0,6858,6,4,1915,806,841,1647,1,4,1,2,6,66,2010,0,0,0,1,0
1.0,11198,9,5,2005,1122,1134,2504,2,4,1,5,11,39,2008,0,0,0,0,1
1.0,10171,7,5,2004,1517,1535,1535,2,3,1,4,7,0,2010,0,0,0,0,1
1.0,12327,8,8,1983,1496,1496,2132,1,1,1,4,5,40,2009,0,0,0,0,1
1.0,7032,5,5,1979,943,943,943,1,2,1,3,4,0,2006,0,0,0,1,1
1.0,13101,5,5,1965,1728,1728,1728,2,6,2,3,10,0,2008,0,0,0,1,1
1.0,7332,6,6,1959,864,864,864,1,2,1,4,4,0,2006,0,0,0,0,1
1.0,13159,7,5,2009,846,846,1692,2,3,1,4,6,114,2009,0,1,0,0,1
1.0,9967,7,5,2000,384,774,1430,2,3,1,3,8,0,2007,0,0,0,0,1
1.0,10500,5,7,1971,372,576,1109,1,3,1,3,5,0,2007,0,0,0,1,1
1.0,8480,5,5,1947,832,832,1216,1,2,1,3,6,0,2008,0,0,0,1,1
1.0,6292,7,7,1928,861,877,1477,2,3,1,3,6,50,2009,0,1,0,0,1
1.0,11777,5,6,1966,1164,1320,1320,1,3,1,3,6,68,2006,0,0,0,0,1
1.0,3604,7,5,2007,689,703,1392,2,2,1,4,5,102,2008,0,0,0,0,1
1.0,12150,5,5,1954,1050,1050,1795,2,4,1,3,7,0,2008,0,0,0,0,0
1.0,14585,6,6,1960,1144,1429,1429,1,3,1,4,7,110,2007,0,0,0,0,1
1.0,12704,8,5,2008,2042,2042,2042,2,3,1,5,8,90,2009,0,0,0,0,1
1.0,11841,6,5,1990,816,816,816,1,3,1,3,5,32,2007,0,0,0,1,1
1.0,13500,10,9,1893,1237,1521,2775,3,3,1,4,9,502,2008,0,1,0,0,1
1.0,6120,4,7,1935,884,989,1573,1,3,1,4,6,0,2009,0,0,0,0,1
1.0,11443,8,5,2005,1868,2028,2028,2,2,1,4,7,66,2006,0,0,0,0,1
1.0,10267,6,7,1918,816,838,838,1,2,1,2,5,0,2008,0,0,0,0,1
1.0,8740,5,6,1982,840,860,860,1,2,1,3,4,0,2009,0,0,0,1,1
1.0,25095,5,8,1968,1437,1473,1473,1,1,1,5,5,48,2009,0,0,0,0,1
1.0,9100,5,6,1930,742,779,935,1,2,1,3,4,0,2008,0,0,0,1,1
1.0,8320,7,5,2004,770,770,1582,2,3,1,4,6,45,2008,0,0,0,0,1
1.0,13478,10,5,2008,1722,1728,2296,2,3,1,5,10,274,2009,0,0,0,0,1
1.0,6600,5,8,1982,816,816,816,1,2,1,3,4,0,2008,0,0,0,0,1
1.0,4435,6,5,2003,848,848,848,1,1,1,4,4,0,2009,0,0,0,0,1
1.0,7990,5,6,1975,924,924,924,1,3,1,3,5,0,2008,0,0,0,1,1
1.0,11302,8,5,2005,1814,1826,1826,2,3,1,4,7,75,2006,0,0,0,0,1
1.0,3600,6,7,1910,684,684,1368,1,3,1,3,7,158,2006,0,0,0,0,0
1.0,3922,7,5,2006,1258,1402,1402,0,2,1,4,7,16,2007,0,0,0,0,1
1.0,12984,5,6,1977,1430,1647,1647,2,3,1,4,7,0,2006,0,0,0,0,1
1.0,1950,6,6,1980,716,716,1556,2,3,1,3,6,0,2008,0,0,0,1,1
1.0,10927,8,5,2005,1058,1058,1904,2,3,1,5,8,60,2006,0,0,0,0,1
1.0,9000,6,6,1937,780,780,1375,1,3,1,4,6,162,2007,0,0,0,1,1
1.0,10041,8,5,1992,908,927,1915,2,3,1,4,8,150,2006,0,0,0,0,1
1.0,3182,7,5,2004,600,600,1200,2,2,1,4,4,172,2010,0,0,0,0,1
1.0,12803,7,5,2002,1494,1494,1494,2,3,1,4,6,36,2008,0,0,0,0,1
1.0,13600,7,6,1965,768,1186,1986,2,3,1,3,7,42,2009,0,0,0,1,1
1.0,12464,5,5,1996,1040,1040,1040,1,3,1,4,6,0,2009,0,1,0,0,1
1.0,7800,5,8,1948,896,1112,2008,3,3,1,5,8,0,2006,0,0,0,0,1
1.0,12168,8,6,1934,965,1940,3194,2,4,1,3,10,0,2007,0,0,0,1,1
1.0,7943,4,5,1961,1029,1029,1029,1,3,1,3,5,0,2007,0,1,0,0,1
1.0,11050,9,5,2000,1440,1476,2153,2,3,1,5,8,142,2009,0,0,0,0,1
1.0,10395,6,6,1978,1032,1032,1032,2,3,1,3,6,0,2007,0,0,0,1,1
1.0,11885,8,5,2001,1299,1299,1872,2,3,1,5,7,122,2009,0,0,0,0,1
1.0,8402,5,5,2007,1120,1120,1120,1,3,1,3,6,30,2007,0,0,0,0,1
1.0,1491,4,6,1972,630,630,630,1,1,1,3,3,24,2010,0,0,0,0,1
1.0,8800,6,7,1963,936,1054,1054,1,3,1,4,6,0,2010,0,0,0,0,1
1.0,7861,6,5,2002,783,807,1509,2,3,1,4,7,75,2006,0,0,0,0,1
1.0,7227,6,6,1954,832,832,832,1,2,1,4,4,0,2008,0,1,0,0,1
1.0,11694,9,5,2007,1822,1828,1828,2,3,1,4,9,108,2007,0,0,0,0,1
1.0,12244,8,5,2003,1482,1482,2262,2,4,1,4,10,0,2008,0,0,0,0,1
1.0,8248,3,3,1914,864,864,864,1,2,1,3,5,0,2008,0,0,0,1,0
1.0,10800,6,7,1974,1522,1548,2614,2,4,1,3,9,243,2008,0,0,0,1,1
1.0,7064,5,6,1977,980,980,980,1,3,1,3,6,0,2009,0,0,0,1,1
1.0,2117,6,5,2000,756,756,1512,2,2,1,4,4,32,2007,0,0,0,0,1
1.0,10400,6,5,1972,732,1012,1790,1,4,1,3,8,0,2006,0,1,0,0,1
1.0,10000,6,6,1962,1116,1116,1116,1,3,1,3,5,0,2010,0,0,0,1,1
1.0,12342,5,5,1960,978,1422,1422,1,3,1,3,6,0,2007,0,0,0,1,1
1.0,9600,6,6,1955,1156,1520,1520,1,3,1,3,7,0,2010,0,0,0,0,1
1.0,11606,5,5,1969,1040,1040,2080,1,5,1,2,9,0,2007,0,0,0,1,1
1.0,9020,6,5,1964,1248,1350,1350,1,3,1,3,6,0,2008,0,0,0,1,1
1.0,9000,5,6,1880,636,1089,1750,1,3,1,5,8,0,2006,0,0,0,1,1
1.0,4590,8,5,2006,1554,1554,1554,2,2,1,4,6,73,2007,0,0,0,0,1
1.0,11900,7,5,1977,1386,1411,1411,2,3,1,3,6,0,2009,0,0,0,1,1
1.0,9250,5,7,1954,1056,1056,1056,1,3,1,3,6,0,2007,0,0,0,1,1
1.0,6979,6,5,1980,1056,1056,1056,0,0,2,3,4,56,2010,0,1,0,0,1
1.0,10896,6,7,1914,1440,1440,3395,2,8,2,2,14,110,2007,0,0,0,0,1
1.0,6120,2,3,1936,264,800,800,1,1,1,2,4,0,2009,1,0,0,0,0
1.0,6000,5,4,1954,811,811,1387,2,3,2,4,7,0,2009,0,0,0,1,1
1.0,8777,5,7,1910,796,796,796,1,2,1,3,4,0,2008,0,1,0,0,1
1.0,3982,8,5,2006,1520,1567,1567,2,1,1,5,7,0,2006,0,0,0,0,1
1.0,12677,8,5,2003,1518,1518,1518,1,1,1,5,6,140,2008,0,0,0,0,1
1.0,7050,7,5,2001,1057,1057,1929,2,3,1,4,7,235,2007,0,0,0,0,1
1.0,13860,8,7,1972,1952,2000,2704,2,4,1,5,9,111,2009,0,1,0,0,1
1.0,10793,5,5,1969,780,780,1620,2,4,1,3,7,0,2007,0,0,0,0,1
1.0,9187,9,5,2009,1766,1766,1766,2,2,1,5,7,130,2009,0,0,0,0,1
1.0,10530,6,5,1971,981,981,981,1,3,1,3,5,312,2007,0,0,0,1,1
1.0,7200,5,5,1950,0,1048,1048,1,3,1,3,7,27,2008,0,1,0,0,1
1.0,10452,6,5,1953,1094,1094,1094,1,3,1,3,5,0,2008,0,0,0,0,1
1.0,7700,6,5,1966,756,1051,1839,1,4,1,3,7,124,2010,0,0,0,1,1
1.0,1936,4,6,1970,630,630,630,1,1,1,3,3,0,2007,0,1,0,0,1
1.0,8125,7,6,2007,813,822,1665,2,3,1,4,7,0,2008,0,0,0,0,1
1.0,9084,4,5,1940,755,755,1510,1,4,1,3,7,0,2009,0,0,0,1,1
1.0,8750,7,5,1996,880,909,1716,2,2,1,4,7,120,2009,0,0,0,0,1
1.0,10320,6,7,1906,756,756,1469,1,3,1,3,7,0,2008,0,0,0,0,1
1.0,10437,8,6,1995,2109,2113,2113,2,2,1,4,7,46,2008,0,0,0,0,1
1.0,1680,6,5,1971,525,525,1092,1,3,1,3,6,0,2010,0,0,0,1,1
1.0,10007,5,7,1959,1053,1053,1053,1,3,1,4,5,0,2008,0,0,0,0,1
1.0,7200,7,6,1931,776,851,1502,1,3,1,3,6,0,2008,0,0,0,1,1
1.0,17503,6,5,1948,912,912,1458,1,3,1,3,6,0,2010,0,0,0,1,1
1.0,9937,5,7,1964,1486,1486,1486,1,3,1,3,7,0,2009,0,0,0,0,1
1.0,12384,7,7,1976,793,1142,1935,2,3,1,3,7,113,2007,0,0,0,1,1
1.0,46589,8,7,1994,1629,1686,2448,2,4,1,4,8,76,2009,0,0,0,0,1
1.0,13560,6,3,1968,1392,1392,1392,1,2,1,3,5,0,2009,0,1,0,0,1
1.0,10012,4,5,1972,1138,1181,1181,2,3,1,3,6,0,2008,0,0,0,1,1
1.0,20896,8,5,2005,2077,2097,2097,1,1,1,5,8,267,2006,0,0,0,0,1
1.0,11194,8,5,2000,1406,1454,1936,2,3,1,4,7,124,2006,0,0,0,0,1
1.0,18450,6,5,1965,1021,1465,2380,2,3,1,3,7,265,2007,0,0,0,1,1
1.0,8125,6,5,1994,1408,1679,1679,2,3,1,4,7,42,2008,0,0,0,0,1
1.0,14175,5,6,1956,1188,1437,1437,1,3,1,3,6,0,2006,0,1,0,0,1
1.0,11600,4,5,1922,700,1180,1180,1,2,1,2,5,0,2006,0,0,0,0,1
1.0,8633,6,5,2005,738,738,1476,2,3,1,4,7,35,2009,0,0,0,0,1
1.0,6629,6,6,1925,672,697,1369,2,3,1,3,6,0,2009,0,0,0,1,0
1.0,11250,6,6,1977,1208,1208,1208,1,3,1,3,6,42,2006,0,0,0,1,1
1.0,14442,6,7,1957,1477,1839,1839,2,3,1,4,7,87,2007,0,0,0,0,1
1.0,9200,6,6,1965,1136,1136,1136,1,3,1,3,5,0,2008,0,0,0,1,1
1.0,2289,6,6,1978,855,855,1441,2,3,1,3,7,0,2009,0,0,0,1,1
1.0,9600,4,2,1900,1095,1095,1774,2,4,2,3,8,0,2006,1,0,0,0,0
1.0,9022,5,8,1924,768,792,792,1,2,1,4,5,0,2009,0,0,0,0,1
1.0,11844,8,5,2008,2046,2046,2046,2,3,1,4,7,82,2009,0,0,0,0,1
1.0,9945,5,5,1961,988,988,988,1,3,1,3,5,0,2007,0,0,0,1,1
1.0,8012,6,5,1980,923,923,923,2,2,1,3,5,0,2010,0,0,0,1,1
1.0,4500,5,5,1932,793,848,1520,1,3,1,3,6,0,2009,0,0,0,0,1
1.0,2887,6,5,1996,1291,1291,1291,1,2,1,4,6,0,2008,0,0,0,0,1
1.0,11248,9,5,2002,1626,1668,1668,2,3,1,4,7,45,2007,0,0,0,0,1
1.0,16770,7,5,1998,1195,1195,1839,2,4,1,3,7,81,2010,0,1,0,0,1
1.0,5062,7,5,1984,1190,1190,2090,2,3,1,4,6,0,2007,0,1,0,0,1
1.0,10207,7,6,2007,874,874,1761,3,3,1,4,7,105,2007,0,0,0,0,1
1.0,5105,7,5,2004,551,551,1102,2,2,1,4,4,60,2007,0,0,0,0,1
1.0,8089,8,6,2007,1419,1419,1419,2,2,1,4,7,0,2007,0,0,0,0,1
1.0,7577,6,5,2005,1362,1362,1362,2,2,1,4,6,28,2007,0,0,0,0,1
1.0,4426,6,5,2004,848,848,848,1,1,1,4,3,0,2008,0,0,0,0,1
1.0,21535,10,6,1994,2444,2444,4316,3,4,1,5,10,50,2007,0,0,0,0,1
1.0,26178,7,5,1989,1210,1238,2519,2,4,1,4,9,27,2006,0,0,0,0,1
1.0,5400,5,6,1921,1073,1073,1073,1,2,1,3,4,0,2006,0,0,0,0,1
1.0,6120,5,6,1936,927,1067,1539,1,3,1,3,5,0,2009,0,0,0,1,1
1.0,13811,6,6,1987,1112,1137,1137,2,2,1,4,5,0,2006,0,1,0,0,1
1.0,6000,5,7,1921,616,616,616,1,2,1,3,4,0,2006,0,1,0,0,1
1.0,6420,5,7,1952,980,1148,1148,1,2,1,3,6,0,2006,1,0,0,0,1
1.0,8450,5,8,1965,894,894,894,1,3,1,3,5,144,2010,0,0,0,0,1
1.0,4282,7,5,2004,1391,1391,1391,2,2,1,4,5,158,2008,0,0,0,0,1
1.0,14331,8,5,2002,1800,1800,1800,2,3,1,4,7,78,2006,0,0,0,0,1
1.0,9600,7,5,1969,1164,1164,1164,1,3,1,3,6,0,2006,0,0,0,1,1
1.0,12438,8,5,2006,1234,1264,2576,2,4,1,5,10,100,2006,0,0,0,0,1
1.0,7630,5,9,1900,360,1032,1812,2,4,2,4,8,0,2010,0,1,0,0,1
1.0,8400,7,5,2004,1473,1484,1484,2,3,1,4,7,35,2010,0,0,0,0,1
1.0,5600,4,5,1930,0,372,1092,2,3,2,2,7,0,2010,1,0,0,0,0
1.0,115149,7,5,1971,1643,1824,1824,2,2,1,4,5,48,2007,0,0,0,1,1
1.0,6240,8,5,2006,1324,1324,1324,2,2,1,4,6,38,2009,0,0,0,0,1
1.0,9018,7,5,2007,728,728,1456,2,3,1,4,8,24,2007,0,0,0,0,1
1.0,7162,5,7,1966,876,904,904,1,3,1,3,6,0,2008,0,0,0,1,1
1.0,4130,3,6,1935,270,729,729,1,2,1,3,5,0,2008,0,1,0,0,1
1.0,8712,4,7,1900,859,859,1178,1,2,1,3,7,0,2010,0,1,0,0,1
1.0,4671,8,5,1988,1228,1228,1228,2,2,1,4,5,120,2008,0,1,0,0,1
1.0,9873,4,5,1970,960,960,960,1,3,1,3,6,288,2006,0,0,0,1,0
1.0,13517,6,8,1976,725,725,1479,2,3,1,4,6,44,2010,0,0,0,0,1
1.0,10140,6,5,1974,1064,1350,1350,2,3,1,3,7,0,2009,0,0,0,1,1
1.0,10800,7,8,1890,718,1576,2554,1,3,1,3,8,48,2007,0,0,0,0,1
1.0,10000,5,6,1973,1176,1178,1178,1,3,1,4,5,0,2008,0,1,0,0,1
1.0,10542,7,5,1993,1311,1325,2418,2,3,1,4,9,154,2008,0,0,0,0,1
1.0,9920,5,6,1969,971,971,971,1,3,1,3,5,0,2006,0,0,0,1,1
1.0,6563,8,5,1985,1742,1742,1742,2,2,1,4,5,28,2006,0,0,0,1,1
1.0,4426,6,5,2004,848,848,848,1,1,1,4,3,0,2010,0,0,0,0,1
1.0,8120,4,7,1970,864,864,864,1,3,1,3,5,0,2009,0,0,0,0,1
1.0,8172,4,6,1954,941,997,1470,2,4,1,3,7,0,2008,0,0,0,0,1
1.0,13286,9,5,2007,1698,1698,1698,2,3,1,5,8,64,2009,0,0,0,0,1
1.0,6960,4,6,1970,864,864,864,1,3,1,4,5,0,2009,0,0,0,1,1
1.0,21695,6,9,1988,880,1680,1680,2,3,1,4,5,44,2009,0,0,0,0,1
1.0,7314,7,5,2007,1232,1232,1232,2,2,1,4,6,0,2009,0,0,0,0,1
1.0,11475,5,5,1958,1584,1776,1776,2,4,2,3,9,25,2009,0,0,0,1,1
1.0,6240,4,5,1925,780,848,1208,1,2,1,3,5,23,2009,0,0,0,1,1
1.0,5389,8,5,1995,1595,1616,1616,2,2,1,4,5,152,2010,0,0,0,0,1
1.0,9590,7,5,2003,868,1146,1146,2,3,1,4,6,22,2007,0,0,0,0,1
1.0,11404,7,5,1998,1153,1153,2031,2,3,1,4,8,84,2008,0,0,0,0,1
1.0,10000,5,6,1961,864,1144,1144,1,3,1,3,6,0,2009,0,0,0,0,1
1.0,8978,5,5,1968,948,948,948,1,3,1,3,6,0,2007,0,0,0,1,1
1.0,10800,7,7,1914,880,880,1768,1,2,1,3,6,341,2006,1,0,0,0,0
1.0,8544,3,4,1950,0,1040,1040,2,2,2,3,6,0,2006,0,1,0,0,0
1.0,10463,8,5,2005,893,901,1801,2,3,1,4,8,116,2006,0,0,0,0,1
1.0,10800,5,5,1987,1200,1200,1200,3,3,1,3,5,0,2009,0,0,0,1,1
1.0,9313,7,5,2004,864,864,1728,2,3,1,4,7,56,2009,0,0,0,0,1
1.0,9600,5,7,1910,264,768,1432,2,2,1,3,7,0,2007,0,0,0,0,1
1.0,6768,6,8,1961,912,912,912,1,3,1,4,5,0,2008,0,1,0,0,1
1.0,8450,7,5,2000,1349,1349,1349,2,3,1,3,6,55,2007,0,0,0,0,1
1.0,12886,5,6,1963,520,1464,1464,2,3,1,3,6,0,2009,0,0,0,0,1
1.0,5395,8,5,1993,1337,1337,1337,2,2,1,4,5,0,2008,0,1,0,0,1
1.0,8963,8,9,1976,1142,1175,2715,3,4,1,4,11,204,2008,0,0,0,0,1
1.0,8795,7,5,2000,952,980,2256,2,4,1,4,8,54,2009,0,0,0,0,1
1.0,11700,7,7,1880,1240,1320,2640,1,4,1,4,8,0,2009,0,0,0,1,0
1.0,10593,7,5,1996,1720,1720,1720,2,3,1,4,7,56,2010,0,0,0,0,1
1.0,8405,4,3,1945,0,1088,1529,2,4,1,3,9,0,2009,0,0,0,1,0
1.0,8800,4,7,1910,576,792,1140,1,3,1,3,7,160,2010,0,1,0,0,1
1.0,7750,7,5,2003,660,660,1320,2,3,1,4,6,48,2007,0,0,0,0,1
1.0,9236,6,5,1997,1479,1494,1494,2,3,1,4,6,27,2006,0,0,0,0,1
1.0,10240,8,5,2005,1030,1038,2098,2,3,1,5,8,52,2006,0,1,0,0,1
1.0,7930,6,8,1969,1026,1026,1026,1,3,1,4,5,48,2009,0,1,0,0,1
1.0,3230,6,5,1999,729,742,1471,2,3,1,3,6,24,2009,0,1,0,0,1
1.0,10769,8,5,2007,866,866,1768,2,3,1,4,7,105,2009,0,0,0,0,1
1.0,11616,6,5,1978,672,672,1386,2,3,1,3,6,0,2010,0,0,0,1,1
1.0,2280,7,5,1999,744,757,1501,2,3,1,3,6,0,2008,0,1,0,0,1
1.0,12257,8,5,1995,1318,1328,2531,2,4,1,4,9,98,2007,0,0,0,0,1
1.0,9100,6,6,1959,864,864,864,1,2,1,3,5,0,2009,0,0,0,0,1
1.0,6911,5,5,1924,1145,1301,1301,1,2,1,2,5,0,2009,0,0,0,1,1
1.0,8640,7,5,2009,756,764,1547,2,3,1,4,7,45,2010,0,0,0,0,1
1.0,9430,8,5,1999,1252,1268,2365,2,3,1,4,8,128,2009,0,0,0,0,1
1.0,9549,8,5,1995,1494,1494,1494,1,2,1,5,6,30,2006,0,0,0,0,1
1.0,14587,9,5,2008,1498,1506,1506,2,2,1,5,6,174,2008,0,0,0,0,1
1.0,10421,7,5,1988,980,980,1714,2,3,1,3,7,66,2010,0,0,0,1,1
1.0,12508,6,7,1940,983,983,1750,2,4,1,3,7,0,2008,0,0,0,0,1
1.0,9100,7,5,2004,1860,1836,1836,2,3,1,4,8,33,2006,0,0,0,0,1
1.0,53504,8,5,2003,1650,1690,3279,3,4,1,5,12,36,2010,0,0,0,0,1
1.0,7252,5,5,1982,858,858,858,1,2,1,3,5,0,2009,0,0,0,1,1
1.0,8877,4,5,1951,836,1220,1220,1,2,1,3,6,0,2006,0,0,0,1,1
1.0,7819,6,5,1976,1029,1117,1117,1,3,1,3,6,0,2010,0,0,0,1,1
1.0,10150,5,5,1958,912,912,912,1,2,1,3,5,0,2007,0,0,0,0,1
1.0,14226,8,5,2006,1935,1973,1973,2,3,1,4,9,45,2007,0,1,0,0,1
1.0,4500,6,5,1998,1204,1204,1204,2,2,1,3,5,247,2009,0,0,0,0,1
1.0,11210,7,5,2005,1614,1614,1614,2,3,1,4,7,59,2006,0,0,0,0,1
1.0,13350,5,5,1974,864,894,894,1,3,1,3,5,0,2006,0,0,0,1,1
1.0,8400,5,5,1977,0,2020,2020,2,4,2,3,10,0,2007,0,0,0,1,1
1.0,10530,6,5,1977,975,1004,1004,1,2,1,3,4,0,2006,0,0,0,1,1
1.0,7875,7,5,1995,1237,1253,1253,2,3,1,3,6,21,2007,0,1,0,0,1
1.0,7153,6,5,1992,761,810,1603,2,3,1,4,7,124,2006,0,0,0,0,1
1.0,16285,7,5,2001,1413,1430,1430,2,3,1,4,6,33,2009,0,0,0,0,1
1.0,9101,5,6,1978,1097,1110,1110,1,1,1,4,4,30,2009,0,0,0,0,1
1.0,6300,6,6,1914,742,742,1484,2,3,1,3,9,291,2008,0,0,0,0,1
1.0,9790,6,5,1967,1372,1342,1342,2,3,1,3,7,0,2009,0,0,0,1,1
1.0,10800,5,6,1915,686,966,1652,2,4,1,3,7,0,2010,0,0,0,1,1
1.0,10142,7,5,2004,956,956,2084,2,4,1,4,8,45,2010,0,0,0,0,1
1.0,6000,4,7,1954,901,901,901,1,2,1,3,4,0,2008,0,0,0,0,1
1.0,12205,6,8,1966,832,976,2087,2,5,1,4,9,168,2007,0,1,0,0,1
1.0,3182,7,5,2005,1145,1145,1145,2,2,1,4,5,16,2009,0,0,0,0,1
1.0,11333,6,5,1976,1029,1062,1062,1,3,1,3,5,0,2007,0,0,0,1,1
1.0,9920,7,5,1996,1117,1127,2013,2,3,1,3,8,130,2007,0,0,0,0,1
1.0,9158,8,5,2007,1496,1496,1496,2,3,1,4,7,130,2007,0,0,0,0,1
1.0,10832,7,5,1994,712,1086,1895,2,3,1,4,7,46,2008,0,0,0,0,1
1.0,8400,6,6,1980,650,888,1564,2,3,1,3,7,50,2010,0,0,0,1,1
1.0,8197,6,5,1977,660,1285,1285,1,3,1,3,7,0,2007,0,0,0,0,1
1.0,7677,5,5,1953,773,773,773,1,2,1,3,4,0,2008,0,1,0,0,1
1.0,13518,9,5,2008,1926,1966,3140,3,4,1,5,11,78,2009,0,0,0,0,1
1.0,7200,5,7,1937,731,981,1768,1,3,1,4,7,0,2007,0,0,0,0,1
1.0,12798,6,5,1997,616,616,1688,2,4,1,4,8,114,2008,0,1,0,0,1
1.0,4800,4,7,1916,1196,1196,1196,1,2,1,3,5,0,2007,0,0,0,0,1
1.0,8199,7,5,2005,728,728,1456,2,3,1,4,7,18,2008,0,0,0,0,1
1.0,13891,9,5,2008,1734,1734,2822,3,4,1,5,12,170,2009,0,0,0,0,1
1.0,9000,5,5,1954,936,1128,1128,1,2,1,3,5,0,2006,0,0,0,1,1
1.0,12274,7,5,2008,1417,1428,1428,2,3,1,5,6,60,2008,0,0,0,0,1
1.0,9750,5,5,1967,980,980,980,2,3,1,3,6,0,2006,0,1,0,0,1
1.0,21384,5,6,1923,1324,1072,1576,1,3,1,4,6,312,2009,0,0,0,0,1
1.0,13400,5,5,1966,1024,1086,1086,1,3,1,3,6,0,2006,0,0,0,1,1
1.0,8100,5,5,1898,849,1075,2138,2,2,3,3,11,156,2009,0,0,0,1,0
1.0,10140,6,6,1974,1040,1309,1309,1,3,1,4,5,0,2006,1,0,0,0,1
1.0,4438,6,5,2004,848,848,848,1,1,1,4,4,0,2008,0,0,0,0,1
1.0,8712,5,5,1952,540,1044,1044,1,2,1,2,4,0,2010,0,0,0,1,0
1.0,9750,6,6,1958,1442,1442,1442,1,4,1,3,7,0,2007,0,1,0,0,1
1.0,8248,5,7,1918,686,686,1250,1,3,1,2,7,0,2006,0,1,0,0,1
1.0,12137,7,5,1998,1649,1661,1661,2,3,1,4,6,34,2010,0,0,0,0,1
1.0,11425,5,6,1954,1008,1008,1008,1,2,1,3,4,0,2006,0,1,0,0,1
1.0,13265,8,5,2002,1568,1689,1689,2,3,1,4,7,59,2008,0,0,0,0,1
1.0,8816,6,7,1971,1010,1052,1052,1,3,1,3,6,0,2010,0,1,0,0,1
1.0,6371,7,5,2009,1358,1358,1358,2,2,1,4,6,35,2010,0,0,0,0,1
1.0,7226,7,5,2003,798,798,1640,2,3,1,4,6,45,2008,0,0,0,0,1
1.0,6000,4,4,1953,936,936,936,1,2,1,3,4,32,2009,0,0,0,1,0
1.0,12394,7,5,2003,847,847,1733,2,3,1,4,7,48,2007,0,0,0,0,1
1.0,9900,6,7,1940,778,944,1489,2,3,1,3,7,0,2009,0,0,0,1,1
1.0,11216,8,5,2006,1489,1489,1489,2,3,1,4,7,140,2006,0,0,0,0,1
1.0,14803,10,5,2007,2078,2084,2084,2,2,1,5,7,45,2008,0,0,0,0,1
1.0,6130,5,6,1924,784,784,784,1,2,1,4,5,0,2008,0,1,0,0,1
1.0,8529,7,5,2001,1454,1434,1434,2,3,1,4,6,39,2009,0,0,0,0,1
1.0,28698,5,5,1967,1013,1160,2126,2,3,1,3,7,0,2009,0,0,0,1,1
1.0,2544,7,5,2005,600,520,1223,2,2,1,4,4,166,2006,0,0,0,0,1
1.0,11900,6,5,1957,1392,1392,1392,1,3,1,3,6,0,2008,0,0,0,1,1
1.0,3180,7,5,2005,600,520,1200,2,2,1,4,4,166,2006,0,0,0,0,1
1.0,9548,7,6,2003,941,941,1829,2,3,1,4,7,39,2010,0,0,0,0,1
1.0,10004,6,6,1964,1516,1516,1516,1,3,1,3,6,0,2009,0,0,0,1,1
1.0,7875,5,6,1961,1144,1144,1144,1,3,1,3,6,0,2008,0,1,0,0,1
1.0,9600,4,7,1950,1067,1067,1067,2,2,1,4,4,0,2010,0,0,0,1,1
1.0,8100,5,6,1948,1559,1559,1559,1,2,1,3,5,116,2007,0,1,0,0,1
1.0,1680,6,5,1973,483,483,987,1,2,1,3,5,0,2008,0,0,0,1,1
1.0,9525,5,6,1995,1099,1099,1099,1,3,1,4,6,0,2008,0,0,0,0,1
1.0,11767,5,6,1946,768,768,1200,1,3,1,3,6,0,2008,0,0,0,0,1
1.0,12155,6,8,1925,672,810,1482,2,4,1,2,7,0,2008,0,0,0,1,0
1.0,10440,5,8,1904,650,958,1539,2,3,1,4,8,78,2008,0,1,0,0,1
1.0,9020,6,7,1966,1127,1165,1165,1,3,1,3,6,129,2008,0,0,0,1,1
1.0,8000,5,4,1961,1800,1800,1800,2,6,2,3,10,0,2007,0,0,0,0,0
1.0,12665,5,8,1915,876,876,1416,1,4,1,3,7,0,2008,0,1,0,0,1
1.0,16647,5,5,1975,1390,1701,1701,2,3,1,3,6,0,2007,0,0,0,1,1
1.0,9317,7,5,1993,740,1006,1775,2,3,1,4,7,72,2009,0,0,0,0,1
1.0,15523,5,6,1972,864,864,864,1,3,1,3,5,0,2009,0,0,0,0,1
1.0,45600,6,8,1908,907,1307,2358,3,5,1,3,10,40,2008,0,0,0,1,1
1.0,9600,6,7,1976,528,1094,1855,2,3,1,3,7,100,2007,0,0,0,0,1
1.0,4435,6,5,2003,848,848,848,1,1,1,4,3,0,2007,0,0,0,0,1
1.0,3196,8,5,2003,1273,1456,1456,2,2,1,4,7,20,2006,0,0,0,0,1
1.0,7128,7,5,1941,918,918,1646,2,4,1,3,7,0,2007,0,1,0,0,1
1.0,12095,6,6,1964,1127,1445,1445,1,3,1,3,7,0,2009,0,0,0,1,1
1.0,17920,5,4,1955,1763,1779,1779,1,3,1,3,6,418,2006,0,0,0,1,1
1.0,6897,5,8,1962,1040,1040,1040,1,3,1,3,6,104,2010,0,0,0,0,1
1.0,10970,6,6,1978,940,1026,1026,1,3,1,3,5,0,2008,0,0,0,1,1
1.0,8125,6,5,1994,702,702,1481,2,3,1,3,6,36,2009,0,1,0,0,1
1.0,10400,7,5,1976,1090,1370,1370,2,3,1,3,6,0,2009,0,0,0,1,1
1.0,11029,6,7,1968,1054,1512,2654,2,4,1,4,9,65,2006,0,0,0,1,1
1.0,7642,7,8,1918,912,912,1426,1,3,1,4,7,240,2007,0,1,0,0,1
1.0,11625,5,4,1965,1039,1039,1039,1,3,1,3,6,0,2010,0,0,0,0,1
1.0,9672,6,5,1984,1040,1097,1097,2,3,1,3,6,0,2010,0,0,0,1,1
1.0,7931,5,5,1959,1148,1148,1148,1,3,1,3,6,0,2009,0,0,0,1,1
1.0,8640,7,5,2007,1372,1372,1372,2,3,1,4,6,140,2008,0,0,0,0,1
1.0,8750,5,6,1970,1002,1002,1002,1,3,1,3,5,0,2009,0,0,0,1,1
1.0,10656,8,5,2006,1638,1646,1646,2,3,1,4,6,80,2007,0,0,0,0,1
1.0,6970,4,5,1961,1040,1120,1120,1,3,1,2,5,0,2007,0,0,0,1,1
1.0,14762,5,6,1948,0,1547,2320,2,2,1,3,7,144,2006,0,1,0,0,1
1.0,9938,7,5,1993,1050,1062,1949,2,3,1,4,8,90,2010,0,0,0,0,1
1.0,6600,5,5,1962,894,894,894,1,2,1,3,5,0,2009,0,1,0,0,0
1.0,8750,6,5,1998,804,804,1682,2,3,1,4,7,77,2010,0,0,0,0,1
1.0,8892,5,7,1953,105,910,910,1,3,1,4,5,0,2008,0,1,0,0,1
1.0,12144,5,7,1949,832,1036,1268,1,3,1,3,6,28,2009,0,1,0,0,1
1.0,5720,5,6,1941,676,676,1131,1,3,1,3,5,0,2009,0,0,0,0,1
1.0,9000,8,5,2007,1184,1184,2610,2,4,1,5,11,364,2007,0,0,0,0,1
1.0,25286,4,5,1963,1064,1040,1040,1,3,1,3,5,0,2007,0,1,0,0,1
1.0,8834,9,5,2004,1462,1462,2224,2,4,1,5,10,0,2009,0,0,0,0,1
1.0,11782,5,7,1961,1109,1155,1155,1,3,1,4,6,0,2010,0,0,0,1,1
1.0,7000,5,8,1978,864,864,864,1,3,1,3,6,0,2009,0,0,0,0,1
1.0,7024,5,5,2005,1090,1090,1090,1,2,1,3,5,49,2007,0,1,0,0,1
1.0,13758,7,5,1990,1156,1187,1717,2,3,1,4,7,36,2007,0,0,0,0,1
1.0,9636,6,5,1992,808,808,1593,2,3,1,3,7,40,2009,0,1,0,0,1
1.0,6204,4,5,1912,795,954,2230,1,5,1,3,10,188,2006,0,0,0,1,0
1.0,7150,5,5,1967,892,892,892,1,3,1,3,5,0,2009,0,0,0,1,1
1.0,5119,9,5,1999,1698,1709,1709,2,2,1,4,5,65,2008,0,0,0,0,1
1.0,8393,5,5,1959,1626,1712,1712,2,4,2,3,8,54,2006,0,0,0,0,1
1.0,16466,5,7,1955,816,872,1393,1,3,1,3,8,0,2008,0,0,0,1,1
1.0,15865,8,6,1970,2217,2217,2217,2,4,1,4,8,207,2007,0,0,0,0,1
1.0,12160,6,4,1953,1505,1505,1505,1,2,1,3,6,0,2009,0,0,0,0,1
1.0,8064,5,7,1949,672,672,924,1,3,1,3,6,0,2007,0,0,0,0,1
1.0,11184,6,5,1978,918,918,1683,2,3,1,3,7,0,2009,0,1,0,0,1
1.0,8414,6,8,1963,1059,1068,1068,1,3,1,3,6,0,2006,0,0,0,1,1
1.0,13284,5,5,1954,1383,1383,1383,1,3,1,3,6,116,2008,0,0,0,1,1
1.0,7018,5,5,1979,0,1535,1535,2,4,2,3,8,0,2009,0,0,0,1,1
1.0,7056,6,5,1963,780,983,1796,1,4,1,3,8,50,2008,0,0,0,1,1
1.0,8765,4,6,1936,951,951,951,1,2,1,3,6,28,2006,0,0,0,0,0
1.0,7018,5,5,1979,0,1120,2240,2,6,2,3,12,0,2009,0,0,0,1,1
1.0,12919,9,5,2009,2330,2364,2364,2,2,1,5,11,67,2010,0,0,0,0,1
1.0,6993,5,7,1961,912,1236,1236,1,3,1,3,6,0,2006,0,0,0,1,1
1.0,7340,4,6,1971,858,858,858,1,2,1,3,4,0,2007,0,0,0,1,1
1.0,8712,5,7,1957,992,1306,1306,1,2,1,3,5,0,2009,0,0,0,1,1
1.0,7875,7,5,2003,783,807,1509,2,3,1,4,8,75,2006,0,0,0,0,1
1.0,14859,7,5,2006,1670,1670,1670,2,3,1,4,7,60,2006,0,0,0,0,1
1.0,6173,5,6,1967,876,902,902,1,3,1,3,6,0,2007,0,0,0,1,1
1.0,9920,5,5,1954,1056,1063,1063,1,3,1,3,6,0,2010,0,0,0,1,1
1.0,13501,8,5,2006,1623,1636,1636,2,3,1,4,8,60,2007,0,0,0,0,1
1.0,11500,7,7,1936,1017,1020,2057,1,3,1,4,6,0,2006,0,1,0,0,1
1.0,8885,5,5,1983,864,902,902,1,2,1,3,5,0,2006,0,0,0,1,1
1.0,12589,6,5,2005,742,742,1484,2,3,1,4,8,24,2009,0,0,0,0,1
1.0,11600,5,5,1960,1105,1105,2274,2,5,2,3,12,0,2010,0,0,0,1,1
1.0,9286,5,7,1977,1268,1268,1268,1,3,1,4,5,0,2009,0,0,0,1,1
1.0,6120,5,7,1925,768,1015,1015,1,3,1,3,6,0,2006,0,0,0,1,0
1.0,6270,5,6,1949,1001,1001,2002,2,4,2,3,8,0,2007,0,0,0,1,0
1.0,3000,6,5,2009,612,612,1224,2,2,1,4,4,234,2009,0,0,0,0,1
1.0,2001,4,5,1970,546,546,1092,1,3,1,3,6,0,2007,1,0,0,0,1
1.0,9000,2,3,1949,480,480,480,0,1,1,3,4,0,2006,0,0,0,1,0
1.0,17140,4,6,1956,1134,1229,1229,1,3,1,3,6,0,2009,0,0,0,0,1
1.0,13125,7,5,1991,1104,912,2127,2,4,1,4,8,192,2007,0,0,0,0,1
1.0,11029,6,8,1958,1184,1414,1414,1,3,1,3,6,51,2008,0,0,0,0,1
1.0,8462,6,5,1994,928,936,1721,2,3,1,4,7,87,2007,0,0,0,0,1
1.0,8777,5,7,1900,1272,1272,2200,2,4,2,3,9,70,2008,0,1,0,0,1
1.0,10237,6,5,2005,1316,1316,1316,2,3,1,4,6,0,2006,0,0,0,0,1
1.0,8012,6,5,1993,1604,1617,1617,2,2,1,4,5,69,2008,0,0,0,0,1
1.0,10240,6,6,1980,1686,1686,1686,2,3,1,3,7,131,2006,0,0,0,1,1
1.0,15611,5,6,1977,1126,1126,1126,2,3,1,5,6,0,2008,0,0,0,1,1
1.0,11999,8,5,2003,1181,1234,2374,2,4,1,5,10,100,2007,0,0,0,0,1
1.0,9900,7,5,1968,832,1098,1978,2,4,1,3,9,43,2008,0,1,0,0,1
1.0,11838,8,5,2001,1753,1788,1788,2,3,1,5,7,151,2009,0,0,0,0,1
1.0,13006,7,5,1997,964,993,2236,2,4,1,4,8,0,2006,0,1,0,0,1
1.0,8925,8,5,2007,1466,1466,1466,2,3,1,4,7,18,2009,0,0,0,0,1
1.0,9100,5,6,1965,925,925,925,1,2,1,3,5,0,2009,0,0,0,0,1
1.0,11670,9,5,2006,1905,1905,1905,2,3,1,5,8,191,2007,0,0,0,0,1
1.0,8487,7,5,2004,1500,1500,1500,2,3,1,4,6,36,2009,0,0,0,0,1
1.0,27650,7,7,1960,585,2069,2069,2,4,1,4,9,0,2008,0,0,0,0,1
1.0,5825,4,5,1926,600,747,747,1,1,1,3,5,0,2006,0,1,0,0,1
1.0,10083,7,5,2003,1176,1200,1200,2,2,1,4,5,41,2009,0,0,0,0,1
1.0,9675,7,5,2005,1113,1113,1971,2,3,1,4,8,48,2009,0,0,0,0,1
1.0,8760,7,5,2006,1391,1391,1962,2,3,1,4,7,90,2006,0,0,0,0,1
1.0,24090,7,7,1940,1032,1207,2403,2,4,1,3,10,0,2010,0,0,0,0,1
1.0,12640,6,5,1976,1728,1728,1728,2,4,2,3,8,0,2006,0,0,0,1,1
1.0,8755,7,5,1999,992,1022,2060,2,3,1,4,8,0,2009,0,0,0,0,1
1.0,7711,4,3,1977,1440,1440,1440,2,4,2,3,8,0,2007,0,0,0,1,1
1.0,25000,5,4,1967,1632,1632,1632,2,4,2,3,8,0,2007,0,0,0,1,1
1.0,14375,6,6,1958,819,1344,1344,1,3,1,4,7,118,2009,0,1,0,0,1
1.0,8820,5,6,1890,1088,1188,1869,1,2,1,3,7,0,2009,0,0,0,1,1
1.0,8163,5,6,1959,1144,1144,1144,1,3,1,3,6,0,2006,0,0,0,1,1
1.0,14536,8,5,2002,1616,1629,1629,2,3,1,4,9,252,2007,0,0,0,0,1
1.0,14006,7,5,2002,936,936,1776,2,3,1,4,7,96,2006,0,0,0,0,1
1.0,9360,6,7,1972,1161,1381,1381,1,3,1,4,5,0,2010,0,0,0,1,1
1.0,7200,5,8,1950,864,864,864,1,3,1,4,5,0,2007,0,1,0,0,1
1.0,7800,5,5,1965,828,965,965,1,3,1,3,6,0,2006,0,1,0,0,1
1.0,7200,5,8,1972,768,768,768,1,2,1,3,5,0,2009,0,1,0,0,1
1.0,11075,5,4,1969,784,1168,1968,2,4,1,3,7,189,2008,0,0,0,0,1
1.0,9400,6,5,1975,945,980,980,2,4,0,3,4,0,2006,0,0,0,1,1
1.0,7136,6,6,1946,979,979,1958,2,4,2,3,8,0,2007,0,0,0,1,0
1.0,1300,6,6,1980,561,561,1229,1,2,1,3,5,0,2009,0,0,0,1,1
1.0,7420,5,5,1962,1057,1057,1057,1,3,1,3,6,0,2007,0,0,0,1,1
1.0,8450,7,5,2003,1337,1337,1337,2,3,1,4,6,39,2007,0,0,0,0,1
1.0,2572,7,5,1999,696,696,1416,2,3,1,4,6,44,2010,0,0,0,0,1
1.0,7207,5,7,1958,858,858,858,1,2,1,3,4,0,2010,0,1,0,0,1
1.0,12227,6,7,1977,1330,1542,2872,2,4,1,3,11,282,2008,0,0,0,1,1
1.0,2308,6,6,1976,804,804,1548,2,3,1,4,7,0,2007,0,0,0,1,1
1.0,11923,9,5,2007,1800,1800,1800,2,2,1,5,7,136,2009,0,0,0,0,1
1.0,11316,7,5,2002,817,824,1894,2,4,1,4,8,40,2010,0,0,0,0,1
1.0,10237,6,5,2005,783,783,1484,2,3,1,4,8,72,2007,0,0,0,0,1
1.0,9600,5,7,1940,728,976,1308,1,2,1,3,7,70,2009,0,0,0,0,1
1.0,7390,5,7,1955,1098,1098,1098,1,3,1,3,6,0,2008,0,0,0,1,1
1.0,5925,3,6,1910,600,600,968,1,2,1,3,6,0,2009,1,0,0,0,0
1.0,10382,6,5,1958,588,1095,1095,1,2,1,3,6,0,2006,0,0,0,1,1
1.0,10800,4,4,1949,720,720,1192,1,4,1,3,6,0,2006,0,0,0,1,0
1.0,2268,7,5,2003,764,764,1626,2,2,1,4,6,27,2009,0,0,0,0,1
1.0,7892,6,5,1979,918,918,918,2,2,1,3,5,0,2010,0,0,0,1,1
1.0,11639,7,5,2007,1428,1428,1428,2,3,1,4,6,120,2008,0,0,0,0,1
1.0,11414,7,8,1910,728,1136,2019,1,3,1,4,8,135,2009,0,0,0,1,0
1.0,2651,7,5,2000,673,673,1382,2,3,1,4,6,50,2006,0,0,0,0,1
1.0,5900,4,7,1923,440,869,869,1,2,1,2,4,0,2006,0,0,0,1,1
1.0,4274,7,5,2006,1241,1241,1241,1,1,1,4,4,116,2007,0,0,0,0,1
1.0,9450,4,5,1954,894,894,894,1,3,1,3,5,0,2007,0,0,0,0,1
1.0,8816,5,6,1963,1121,1121,1121,1,3,1,3,5,80,2009,0,0,0,1,1
1.0,12122,7,9,1961,944,999,999,1,3,1,5,6,76,2008,0,1,0,0,1
1.0,12203,8,5,1998,1225,1276,2612,2,4,1,4,8,0,2009,0,0,0,0,1
1.0,3182,7,5,2007,1266,1266,1266,2,2,1,4,6,16,2008,0,0,0,0,1
1.0,11250,8,5,2002,1128,1149,2290,2,4,1,4,9,0,2008,0,0,0,0,1
1.0,10125,5,5,1977,0,1302,1734,2,4,2,4,8,0,2009,0,0,0,1,1
1.0,10880,5,5,1950,1164,1164,1164,1,3,1,3,5,48,2008,0,0,0,1,0
1.0,5310,6,8,1910,485,1001,1635,1,2,1,4,5,0,2006,0,1,0,0,1
1.0,10159,9,5,2009,1930,1940,1940,2,3,1,5,8,95,2010,0,0,0,0,1
1.0,12046,6,6,1976,848,1118,2030,2,4,1,4,8,224,2007,0,0,0,1,1
1.0,8125,7,5,2006,770,778,1576,2,3,1,4,6,50,2006,0,0,0,0,1
1.0,9452,8,5,1997,1396,1407,2392,2,3,1,4,7,70,2006,0,0,0,0,1
1.0,17671,8,9,1882,916,916,1742,1,4,1,4,8,169,2009,0,1,0,0,1
1.0,9760,6,8,1964,822,1020,1851,2,3,1,4,7,42,2007,0,1,0,0,1
1.0,8846,6,5,2005,750,750,1500,2,3,1,4,6,35,2006,0,0,0,0,1
1.0,12456,10,5,2006,1700,1718,1718,2,3,1,5,7,48,2009,0,0,0,0,1
1.0,4712,4,7,1946,747,774,1230,1,3,1,3,5,57,2006,0,0,0,1,1
1.0,10659,5,6,1961,1050,1050,1050,1,3,1,3,6,319,2006,0,0,0,1,1
1.0,11717,6,6,1970,1442,1442,1442,2,2,1,3,6,0,2009,0,0,0,1,1
1.0,9786,3,4,1922,1007,1077,1077,1,3,1,3,6,100,2006,1,0,0,0,0
1.0,6762,7,5,2006,1187,1208,1208,2,2,1,4,6,61,2010,0,0,0,0,1
1.0,10206,3,3,1952,0,944,944,1,2,1,2,4,0,2009,1,0,0,0,0
1.0,5400,5,6,1920,691,691,691,1,2,1,5,4,20,2007,0,0,0,0,1
1.0,11957,8,5,2006,1574,1574,1574,2,3,1,4,7,104,2008,0,0,0,0,1
1.0,11500,5,6,1976,1680,1680,1680,2,4,2,3,8,0,2007,1,0,0,0,1
1.0,3182,7,5,2005,1346,1504,1504,2,1,1,4,7,0,2009,0,0,0,0,1
1.0,8385,5,8,1977,985,985,985,2,3,1,3,6,0,2008,0,0,0,1,1
1.0,12155,6,3,1970,1657,1657,1657,2,3,1,3,7,0,2007,0,1,0,0,1
1.0,2217,4,4,1970,546,546,1092,1,3,1,3,6,0,2009,0,0,0,1,1
1.0,12118,7,5,2004,1710,1710,1710,2,3,1,4,7,48,2009,0,0,0,0,1
1.0,6000,5,5,1926,1008,1008,1522,2,4,1,3,7,0,2006,0,0,0,0,1
1.0,21286,5,5,1948,720,720,1271,2,4,1,3,7,0,2008,0,0,0,1,1
1.0,9825,5,5,1965,0,1664,1664,2,4,2,3,8,0,2010,0,0,0,1,0
1.0,10592,6,7,1923,602,900,1502,1,3,1,4,7,0,2007,0,0,0,1,1
1.0,7200,5,4,1910,1022,1022,1022,1,2,1,3,4,30,2009,0,0,0,1,0
1.0,11664,6,5,1948,1082,1082,1082,1,2,1,3,5,130,2007,0,0,0,1,1
1.0,8400,8,6,2001,810,810,1665,2,3,1,4,6,45,2009,0,0,0,0,1
1.0,11883,7,5,1996,1504,1504,1504,2,3,1,4,6,66,2009,0,0,0,0,1
1.0,5814,8,5,1984,1220,1360,1360,1,1,1,4,4,0,2009,0,1,0,0,1
1.0,10784,7,5,1991,384,802,1472,2,3,1,4,7,0,2007,0,1,0,0,1
1.0,3013,7,5,2005,1362,1506,1506,2,2,1,4,6,20,2006,0,0,0,0,1
1.0,7024,4,5,2005,1132,1132,1132,1,2,1,4,5,64,2008,0,0,0,0,1
1.0,7406,7,5,2006,1199,1220,1220,2,2,1,4,6,54,2006,0,0,0,0,1
1.0,9439,5,5,1930,912,912,1248,1,2,1,3,6,0,2007,0,1,0,0,1
1.0,3182,7,5,2005,1346,1504,1504,2,2,1,4,7,20,2008,0,0,0,0,1
1.0,15498,8,6,1976,1565,2898,2898,2,2,1,4,10,72,2008,0,0,0,1,1
1.0,7700,5,5,1972,882,882,882,1,3,1,3,5,0,2007,0,0,0,1,1
1.0,9300,5,5,1960,1268,1264,1264,1,3,1,3,6,0,2010,0,0,0,1,1
1.0,9520,8,5,2007,1638,1646,1646,2,3,1,4,7,44,2008,0,0,0,0,1
1.0,9492,5,5,1941,768,968,1376,1,3,1,3,6,0,2007,0,0,0,1,1
1.0,1680,6,7,1972,672,672,1218,1,3,1,3,7,28,2006,0,1,0,0,1
1.0,7082,5,8,1916,686,948,1928,2,5,2,3,10,0,2006,0,1,0,0,1
1.0,15863,7,3,1920,824,1687,3082,2,5,1,3,12,63,2009,0,0,0,0,1
1.0,14541,8,7,1993,1338,1352,2520,2,5,1,4,10,55,2006,0,0,0,0,1
1.0,8125,7,5,2002,1654,1654,1654,2,3,1,4,6,136,2006,0,0,0,0,1
1.0,6305,5,7,1938,920,954,954,1,2,1,2,5,0,2007,0,0,0,0,1
1.0,11500,4,3,1957,0,845,845,1,3,1,3,5,0,2009,0,0,0,0,0
1.0,12898,9,5,2007,1620,1620,1620,2,2,1,5,6,0,2009,0,0,0,0,1
1.0,9240,8,5,2001,1055,1055,2263,2,3,1,4,7,45,2008,0,0,0,0,1
1.0,1533,4,6,1970,546,798,1344,1,3,1,3,6,0,2009,0,0,0,1,1
1.0,1477,4,4,1970,630,630,630,1,1,1,3,3,0,2009,0,0,0,1,1
1.0,13125,5,4,1957,1134,1803,1803,2,3,1,3,8,0,2006,0,0,0,0,1
1.0,9130,6,8,1966,800,800,1632,1,4,1,4,7,40,2008,0,1,0,0,1
1.0,5381,6,5,2005,1306,1306,1306,2,1,1,4,5,63,2009,0,0,0,0,1
1.0,11839,7,5,1990,1475,1532,2329,2,4,1,4,10,121,2008,0,0,0,0,1
1.0,9600,8,5,1981,2524,2524,2524,2,4,1,4,9,120,2009,0,0,0,1,1
1.0,13680,3,5,1955,0,1733,1733,2,4,1,3,8,0,2009,0,0,0,0,1
1.0,16056,9,5,2005,1992,1992,2868,3,4,1,5,11,108,2006,0,0,0,0,1
1.0,9245,5,5,1994,990,990,990,1,3,1,3,5,0,2008,0,0,0,0,1
1.0,21750,5,4,1960,0,1771,1771,1,3,1,3,9,0,2009,0,0,0,1,1
1.0,11100,4,7,1946,0,930,930,1,2,1,4,6,0,2010,0,0,0,0,1
1.0,8993,7,5,2007,1302,1302,1302,2,3,1,4,6,22,2007,0,0,0,0,1
1.0,11175,7,5,2007,1316,1316,1316,2,3,1,4,6,20,2007,0,0,0,0,1
1.0,9500,6,6,1964,816,1127,1977,1,4,1,3,9,52,2007,0,0,0,1,1
1.0,8562,5,6,1957,1216,1526,1526,1,4,1,3,7,78,2010,0,0,0,0,1
1.0,11367,8,5,2002,1065,1091,1989,2,3,1,4,7,60,2006,0,0,0,0,1
1.0,11361,6,5,1976,1193,1523,1523,2,3,1,3,7,0,2008,0,0,0,1,1
1.0,7052,7,5,2005,1364,1364,1364,2,2,1,4,6,36,2006,0,0,0,0,1
1.0,29959,7,6,1994,973,979,1850,2,3,1,4,7,98,2009,0,0,0,0,1
1.0,11308,9,5,2008,1104,1130,2184,2,3,1,5,10,102,2009,0,0,0,0,1
1.0,11275,6,7,1932,854,1096,1991,1,3,1,3,7,0,2007,0,0,0,1,1
1.0,4920,8,5,2001,1338,1338,1338,2,2,1,4,6,0,2010,0,0,0,0,1
1.0,18000,3,4,1935,894,894,894,1,2,1,3,6,20,2008,0,0,0,1,1
1.0,13600,5,5,1900,662,1422,2337,2,5,2,3,10,57,2007,0,0,0,1,0
1.0,6000,6,6,1925,1103,1103,1103,1,2,1,4,5,120,2006,0,1,0,0,1
1.0,11000,5,6,1966,1154,1154,1154,1,3,1,3,6,58,2009,0,0,0,0,1
1.0,14000,7,5,1996,1306,1306,2260,2,3,1,4,7,44,2010,0,0,0,0,1
1.0,7837,6,7,1993,799,799,1571,2,3,1,3,7,40,2009,0,1,0,0,1
1.0,9760,6,6,1964,780,798,1611,1,4,1,3,7,128,2008,0,0,0,1,1
1.0,3964,6,4,1973,942,1291,2521,2,5,1,3,10,20,2006,0,1,0,0,1
1.0,9600,5,7,1949,845,893,893,1,2,1,4,4,0,2007,0,0,0,1,1
1.0,10152,5,5,1956,1048,1048,1048,1,3,1,3,6,20,2007,0,0,0,1,1
1.0,11700,6,6,1968,727,829,1556,1,4,1,3,8,0,2009,0,0,0,0,1
1.0,7585,5,3,1948,810,1002,1456,1,4,1,3,7,0,2006,1,0,0,0,1
1.0,7950,6,6,1977,690,698,1426,1,3,1,3,6,0,2009,0,0,0,1,1
1.0,8556,7,5,2006,1240,1240,1240,2,2,1,4,5,93,2007,0,0,0,0,1
1.0,13125,7,6,1940,800,960,1740,1,3,1,3,6,0,2007,0,0,0,1,1
1.0,10800,5,8,1936,796,1096,1466,2,3,1,4,7,21,2006,0,1,0,0,1
1.0,15870,5,5,1969,1096,1096,1096,1,3,1,3,6,32,2006,0,0,0,0,1
1.0,4435,6,5,2004,848,848,848,1,1,1,4,3,0,2006,0,0,0,0,1
1.0,8775,5,5,1994,990,990,990,1,3,1,3,5,64,2007,0,1,0,0,1
1.0,11040,6,7,1971,1258,1258,1258,2,3,1,4,5,0,2008,0,0,0,0,1
1.0,7500,5,5,1963,1040,1040,1040,1,3,1,3,5,0,2010,1,0,0,0,1
1.0,8749,7,5,2002,1459,1459,1459,2,3,1,4,6,39,2007,0,0,0,0,1
1.0,8800,6,6,1964,1251,1251,1251,1,3,1,3,6,116,2006,0,0,0,1,1
1.0,13031,6,5,1995,691,691,1498,2,3,1,3,6,44,2006,0,1,0,0,1
1.0,9069,6,6,1992,936,996,996,1,2,1,4,5,0,2010,0,0,0,0,1
1.0,1974,4,5,1973,546,546,1092,1,3,1,3,6,96,2010,0,0,0,1,1
1.0,10574,8,5,2005,1082,1082,1953,2,3,1,4,9,50,2009,0,0,0,0,1
1.0,2522,7,5,2004,970,970,1709,2,3,1,4,7,40,2006,0,0,0,0,1
1.0,3316,8,5,2005,1247,1247,1247,1,1,1,4,4,84,2006,0,0,0,0,1
1.0,8544,3,4,1950,0,1040,1040,2,2,2,3,6,0,2009,1,0,0,0,0
1.0,2160,7,5,1999,600,624,1252,2,2,1,4,4,48,2008,0,0,0,0,1
1.0,8400,6,5,1925,1181,1390,1694,2,4,1,3,7,0,2008,1,0,0,0,1
1.0,9230,5,8,1965,864,1200,1200,1,1,1,4,6,64,2006,0,1,0,0,1
1.0,5868,5,7,1956,936,936,936,1,2,1,3,4,0,2010,0,0,0,0,1
1.0,9317,6,5,2006,1314,1314,1314,2,3,1,4,6,22,2007,0,1,0,0,1
1.0,6882,6,7,1914,684,773,1355,1,3,1,4,7,0,2007,0,0,0,1,1
1.0,3696,8,5,1986,1074,1088,1088,1,2,1,4,5,74,2007,0,0,0,0,1
1.0,6000,4,6,1936,672,757,1324,1,3,1,3,6,0,2009,0,0,0,1,1
1.0,11880,7,5,1978,1271,1601,1601,2,3,1,3,7,0,2009,0,0,0,1,1
1.0,8400,2,5,1920,290,438,438,1,1,1,2,3,0,2009,0,0,0,1,0
1.0,9758,5,5,1971,950,950,950,1,3,1,3,5,0,2007,0,0,0,1,1
1.0,7000,5,7,1960,1010,1134,1134,1,2,1,3,6,16,2007,0,0,0,0,1
1.0,8910,6,6,1959,655,1194,1194,1,3,1,3,6,0,2006,0,0,0,0,1
1.0,2016,5,5,1970,630,630,1302,2,3,1,3,6,0,2007,0,0,0,1,1
1.0,12256,8,5,1994,1463,1500,2622,2,3,1,4,9,32,2010,0,0,0,0,1
1.0,10357,7,5,1990,910,1442,1442,2,3,1,4,6,244,2007,0,1,0,0,1
1.0,23257,7,5,2006,868,887,2021,2,3,1,4,9,100,2006,0,0,0,0,1
1.0,8063,6,5,2000,924,948,1690,2,3,1,3,7,48,2007,0,0,0,0,1
1.0,11362,8,5,2004,1836,1836,1836,2,3,1,4,7,185,2009,0,0,0,0,1
1.0,8000,6,5,1995,773,773,1658,2,3,1,3,8,84,2008,0,1,0,0,1
1.0,10480,7,6,1976,803,1098,1964,2,4,1,3,8,69,2008,0,0,0,1,1
1.0,7100,5,7,1957,816,816,816,1,2,1,3,5,0,2006,0,0,0,1,1
1.0,8923,5,7,1953,1008,1008,1008,1,2,1,4,6,18,2007,0,1,0,0,1
1.0,5400,5,7,1954,833,833,833,1,2,1,4,4,0,2006,0,0,0,0,1
1.0,12085,8,5,2007,1734,1734,1734,2,3,1,5,7,0,2007,0,0,0,0,1
1.0,7750,8,5,2002,408,779,1419,2,3,1,4,7,0,2009,0,0,0,0,1
1.0,9764,5,7,1967,894,894,894,1,3,1,4,5,0,2008,0,0,0,0,1
1.0,13825,5,6,1958,533,1021,1601,1,3,1,3,6,34,2008,0,0,0,1,1
1.0,7560,5,5,1959,1040,1040,1040,1,3,1,3,6,0,2006,0,0,0,1,1
1.0,8263,6,5,1920,1012,1012,1012,1,2,1,3,6,22,2007,0,0,0,1,1
1.0,10084,7,5,2005,1552,1552,1552,2,3,1,4,7,20,2006,0,0,0,0,1
1.0,8926,4,3,1956,672,960,960,1,3,1,3,5,0,2009,0,0,0,0,1
1.0,9405,5,9,1947,698,698,698,1,2,1,3,4,200,2009,0,0,0,0,1
1.0,9125,7,5,1992,384,812,1482,2,3,1,4,7,25,2007,0,1,0,0,1
1.0,10434,4,5,1955,1005,1005,1005,1,2,1,2,5,0,2009,0,0,0,1,1
1.0,3684,7,5,2007,1373,1555,1555,2,2,1,4,7,20,2009,0,0,0,0,1
1.0,14572,7,5,2004,1530,1530,1530,2,3,1,4,7,36,2007,0,0,0,0,1
1.0,11796,7,5,2004,847,847,1959,2,4,1,4,8,48,2007,0,0,0,0,1
1.0,7200,5,5,1980,936,936,936,1,2,1,3,4,0,2007,0,0,0,1,1
1.0,7804,4,3,1928,1122,1328,1981,2,4,1,4,7,44,2009,0,0,0,1,1
1.0,10712,5,5,1991,974,974,974,1,3,1,3,5,28,2007,0,0,0,1,1
1.0,9900,6,4,1880,1008,1178,2210,2,5,1,2,8,48,2007,0,0,0,1,1
1.0,9828,8,5,1995,1128,1142,2020,2,3,1,4,8,155,2009,0,0,0,0,1
1.0,8773,6,5,1997,916,916,1600,2,3,1,3,7,38,2007,0,1,0,0,1
1.0,6180,6,5,1926,960,986,986,1,2,1,3,5,128,2007,0,0,0,1,0
1.0,9600,6,5,1950,1032,1032,1252,1,3,1,3,6,0,2008,0,0,0,1,1
1.0,6342,5,8,1875,780,780,1020,1,2,1,3,6,0,2010,0,1,0,0,0
1.0,9819,6,5,1977,1567,1567,1567,2,2,1,4,5,32,2009,0,0,0,1,1
1.0,8731,5,5,1920,915,1167,1167,1,3,1,3,6,0,2007,0,0,0,1,1
1.0,7350,5,7,1951,952,952,952,1,2,1,3,4,0,2008,0,0,0,1,1
1.0,10304,5,7,1976,780,1088,1868,2,4,1,4,9,96,2009,0,0,0,0,1
1.0,9965,8,5,2006,1466,1466,2828,3,4,1,4,11,144,2007,0,0,0,0,1
1.0,9000,5,3,1959,1006,1006,1006,1,3,1,3,5,24,2008,0,0,0,1,1
1.0,12180,4,4,1941,672,672,924,1,2,1,2,5,0,2010,1,0,0,0,0
1.0,6240,5,6,1928,1042,1042,1576,1,3,1,3,8,0,2006,0,0,0,0,1
1.0,11200,6,5,1985,1298,1298,1298,2,3,1,4,5,26,2006,0,0,0,1,1
1.0,12000,7,7,1941,704,860,1564,1,3,1,2,7,0,2009,0,0,0,0,1
1.0,5700,7,7,1926,572,572,1111,1,2,1,3,5,0,2008,0,0,0,1,1
1.0,9000,7,9,1920,650,832,1482,1,3,1,3,7,0,2009,0,0,0,0,1
1.0,8280,6,5,1950,932,932,932,1,2,1,4,4,0,2007,0,0,0,0,1
1.0,17755,5,4,1959,1466,1466,1466,1,3,1,2,6,140,2006,0,0,0,1,1
1.0,14115,6,7,1956,1073,1811,1811,1,2,1,5,6,0,2006,0,0,0,0,1
1.0,5890,6,8,1930,816,816,816,1,2,1,3,5,0,2008,0,0,0,0,1
1.0,13700,7,6,1965,864,902,1820,1,4,1,4,8,84,2008,0,0,0,1,1
1.0,10768,5,8,1976,1437,1437,1437,2,3,1,4,6,21,2007,0,0,0,1,1
1.0,9350,5,8,1965,1219,1265,1265,2,3,1,4,6,92,2008,0,1,0,0,1
1.0,5001,7,5,2007,1314,1314,1314,2,2,1,4,6,62,2009,0,0,0,0,1
1.0,11932,8,5,2007,1580,1580,1580,2,3,1,4,7,24,2008,0,0,0,0,1
1.0,9120,6,6,1974,901,943,1876,2,4,1,4,8,69,2008,0,0,0,1,1
1.0,2280,6,5,1978,855,855,1456,2,3,1,3,7,0,2010,1,0,0,0,1
1.0,14778,6,7,1954,1296,1640,1640,1,3,1,4,7,0,2008,0,0,0,0,1
1.0,8724,5,5,1968,894,894,894,1,3,1,3,5,0,2007,0,1,0,0,1
1.0,12900,4,4,1969,1198,1258,1258,0,0,2,3,6,0,2008,0,0,0,1,1
1.0,16157,5,7,1978,1360,1432,1432,1,2,1,4,5,180,2007,0,0,0,0,1
1.0,9541,7,5,2009,1502,1502,1502,2,3,1,4,7,114,2009,0,0,0,0,1
1.0,10475,8,5,2008,1694,1694,1694,2,3,1,4,7,33,2010,0,0,0,0,1
1.0,10852,6,5,2000,959,959,1671,2,3,1,3,7,38,2006,0,0,0,0,1
1.0,13728,6,7,1935,1127,1236,2108,2,4,1,4,7,0,2008,0,0,0,0,1
1.0,35760,10,5,1995,1930,1831,3627,3,4,1,4,10,76,2006,0,0,0,0,1
1.0,9880,6,6,1977,1096,1118,1118,1,3,1,3,6,0,2008,0,0,0,1,1
1.0,9120,6,6,1958,1261,1261,1261,1,3,1,3,6,0,2008,0,0,0,0,1
1.0,4017,7,5,2006,625,625,1250,2,2,1,4,5,54,2008,0,0,0,0,1
1.0,18030,5,6,1946,1598,1636,3086,3,3,1,5,12,0,2007,0,0,0,1,1
1.0,16560,6,8,1932,952,1170,2345,2,4,1,3,9,0,2006,0,0,0,1,1
1.0,10678,8,5,1992,1683,2129,2872,2,4,1,4,9,33,2007,0,0,0,0,1
1.0,6951,5,5,1984,876,923,923,1,3,1,3,5,0,2008,0,0,0,1,1
1.0,3950,6,8,1926,818,818,1224,1,3,1,3,5,0,2009,0,0,0,1,1
1.0,7681,5,6,1921,731,820,1343,1,3,1,3,7,0,2009,0,0,0,0,1
1.0,8335,5,5,1954,0,1124,1124,1,3,1,3,5,36,2006,0,1,0,0,1
1.0,11170,7,5,1990,1216,1298,2514,2,4,1,3,8,0,2006,0,0,0,0,1
1.0,5587,8,5,2008,1600,1652,1652,2,2,1,4,5,53,2008,0,0,0,0,1
1.0,15623,10,5,1996,2396,2411,4476,3,4,1,5,10,78,2007,0,0,0,0,1
1.0,10800,5,6,1920,1120,1130,1130,1,2,1,3,5,0,2006,0,0,0,0,1
1.0,35133,5,4,1963,1572,1572,1572,1,3,1,3,5,263,2007,0,1,0,0,1
1.0,9738,5,7,1924,784,949,1221,1,4,1,3,7,0,2006,0,1,0,0,1
1.0,10615,3,5,1900,978,1014,1699,2,3,2,3,7,74,2009,0,0,0,1,1
1.0,12461,8,5,1994,1624,1624,1624,2,2,1,4,5,114,2006,0,0,0,0,1
1.0,8935,7,5,2002,831,831,1660,2,3,1,4,7,68,2009,0,0,0,0,1
1.0,7500,7,5,1999,994,1028,1804,2,3,1,4,7,60,2010,0,1,0,0,1
1.0,32463,4,4,1961,1249,1622,1622,1,3,1,3,7,0,2007,0,0,0,0,1
1.0,2645,8,5,1999,776,764,1441,2,2,1,4,5,0,2007,0,0,0,0,1
1.0,9600,5,8,1925,702,842,1472,1,3,1,4,6,0,2007,0,1,0,0,1
1.0,4500,6,5,1999,1224,1224,1224,2,2,1,3,5,304,2009,0,0,0,0,1
1.0,9364,6,7,1969,663,663,1352,1,4,1,3,7,36,2010,0,0,0,1,1
1.0,8029,6,5,2005,728,728,1456,2,3,1,4,8,24,2008,0,0,0,0,1
1.0,14054,7,5,2006,879,879,1863,2,4,1,4,9,17,2006,0,0,0,0,1
1.0,8850,7,6,1916,815,815,1690,1,3,1,3,7,0,2006,0,0,0,0,1
1.0,9100,7,5,2001,1212,1212,1212,2,3,1,4,6,0,2009,0,0,0,0,1
1.0,11235,4,5,1963,1051,1382,1382,1,3,1,3,6,82,2006,0,1,0,0,1
1.0,9353,4,5,1970,864,864,864,1,3,1,3,5,0,2006,0,1,0,0,1
1.0,10400,7,5,1998,866,866,1779,2,3,1,4,6,36,2009,0,0,0,0,1
1.0,6000,5,8,1925,884,884,1348,1,3,1,3,5,0,2009,0,0,0,0,1
1.0,9750,7,5,2000,1630,1630,1630,2,3,1,4,6,234,2009,0,0,0,0,1
1.0,10140,5,6,1975,1056,1074,1074,1,3,1,3,6,88,2006,0,0,0,0,1
1.0,14684,7,7,1990,2158,2196,2196,2,3,1,4,7,70,2009,0,1,0,0,1
1.0,8900,4,4,1966,1056,1056,1056,1,2,1,3,5,42,2006,0,0,0,1,1
1.0,9135,6,5,2003,1682,1700,1700,2,3,1,4,7,23,2006,0,0,0,0,1
1.0,7763,5,7,1962,931,1283,1283,1,3,1,3,6,0,2008,0,0,0,1,1
1.0,10182,8,5,2006,1660,1660,1660,2,3,1,4,8,50,2006,0,0,0,0,1
1.0,11218,6,5,1992,1055,1055,1845,2,3,1,4,8,104,2010,0,0,0,0,1
1.0,12134,8,7,1988,559,1080,1752,2,4,1,3,8,12,2010,0,1,0,0,1
1.0,9340,4,6,1941,672,672,672,1,2,1,3,4,113,2009,0,0,0,1,1
1.0,10246,4,9,1965,648,960,960,0,0,1,3,3,0,2006,0,0,0,0,1
1.0,10205,5,5,1962,925,999,999,1,3,1,3,6,72,2006,0,0,0,1,1
1.0,7094,5,5,1966,894,894,894,1,3,1,3,5,0,2007,0,0,0,1,1
1.0,8930,6,5,1978,0,1318,1902,2,4,2,3,8,0,2010,0,0,0,1,1
1.0,8640,8,5,2009,1300,1314,1314,2,3,1,4,6,112,2009,0,0,0,0,1
1.0,6240,4,5,1947,0,672,912,1,2,1,3,3,0,2006,0,1,0,0,0
1.0,1680,6,5,1971,672,672,1218,1,3,1,3,7,0,2006,0,0,0,1,1
1.0,7800,5,5,1964,912,912,912,1,2,1,3,5,0,2006,0,0,0,1,1
1.0,8250,5,5,1968,952,1211,1211,1,3,1,3,5,63,2008,0,0,0,0,1
1.0,10496,6,6,1949,1040,1168,1846,2,3,1,3,7,0,2007,0,0,0,0,1
1.0,10680,5,3,1951,2136,2136,2136,2,4,1,3,7,30,2006,0,0,0,1,0
1.0,15384,7,5,2004,788,788,1490,2,3,1,4,8,75,2008,0,0,0,0,1
1.0,10482,6,8,1958,588,1138,1138,1,3,1,3,6,0,2007,0,0,0,0,1
1.0,14598,6,5,2007,894,894,1933,2,4,1,4,9,18,2008,0,0,0,0,1
1.0,8872,5,8,1965,912,912,912,1,2,1,4,5,240,2008,0,0,0,0,1
1.0,8769,9,5,2008,1702,1702,1702,1,1,1,5,7,72,2008,0,0,0,0,1
1.0,7910,5,5,1960,1075,1507,1507,2,4,1,3,7,0,2008,0,1,0,0,1
1.0,18890,5,5,1977,1361,1361,2620,2,4,2,3,12,24,2007,0,0,0,0,1
1.0,7728,5,6,1962,1106,1190,1190,1,3,1,3,6,18,2006,0,0,0,1,1
1.0,9842,4,5,1962,0,1224,1224,2,2,2,3,6,0,2007,0,0,0,1,1
1.0,12160,5,5,1959,1188,1188,1188,1,3,1,3,6,0,2010,1,0,0,0,1
1.0,8525,5,6,1911,940,1024,1964,1,4,1,3,7,192,2008,0,0,0,1,0
1.0,13132,5,5,1914,747,892,1784,1,4,1,3,9,40,2006,0,1,0,0,1
1.0,2628,7,5,2003,764,764,1626,2,2,1,4,6,27,2010,0,0,0,0,1
1.0,12393,7,5,2004,847,847,1948,2,4,1,4,8,48,2006,0,0,0,0,1
1.0,13072,6,5,2005,1141,1141,1141,1,3,1,3,6,0,2006,0,0,0,0,1
1.0,9037,8,5,2006,1476,1484,1484,2,2,1,5,6,33,2007,0,0,0,0,1
1.0,8158,7,5,2003,884,884,1768,2,3,1,4,8,63,2008,0,0,0,0,1
1.0,9849,7,6,2007,1689,1689,1689,2,3,1,4,7,56,2007,0,0,0,0,1
1.0,10625,7,6,1974,1053,1173,1173,2,3,1,4,6,120,2010,0,0,0,1,1
1.0,13891,10,5,2006,2076,2076,2076,2,2,1,5,7,229,2006,0,0,0,0,1
1.0,11435,8,7,1929,792,792,1517,1,3,1,4,7,0,2006,1,0,0,0,1
1.0,12090,6,7,1984,585,1140,1868,3,3,1,3,7,112,2007,0,0,0,0,1
1.0,8125,7,5,2005,756,756,1553,2,3,1,4,6,45,2006,0,0,0,0,1
1.0,12328,6,5,1976,1012,1034,1034,1,3,1,3,6,0,2010,0,0,0,1,1
1.0,9600,6,5,1917,735,1134,2058,1,3,1,3,8,0,2008,1,0,0,0,0
1.0,7200,5,7,1950,876,988,988,1,3,1,3,6,80,2007,0,0,0,1,1
1.0,11160,7,5,1968,2110,2110,2110,2,3,1,5,8,0,2010,0,0,0,0,1
1.0,3136,7,5,2003,1405,1405,1405,2,2,1,4,6,36,2006,0,0,0,0,1
1.0,9858,5,6,1968,864,874,874,1,3,1,3,5,0,2009,0,0,0,1,1
1.0,17542,7,7,1974,1192,1516,2167,2,3,1,4,9,47,2007,0,0,0,1,1
1.0,6931,7,5,2003,746,760,1656,2,3,1,4,7,128,2008,0,0,0,0,1
1.0,6240,6,6,1931,884,959,1367,1,3,1,3,6,0,2007,0,0,0,1,1
1.0,14303,8,5,1994,1986,1987,1987,2,2,1,4,7,36,2008,0,0,0,0,1
1.0,4060,5,8,1922,864,864,864,1,2,1,3,4,96,2009,0,0,0,0,1
1.0,9587,7,5,2005,856,1166,1166,2,2,1,4,5,0,2008,0,0,0,0,1
1.0,9750,6,8,1969,1054,1054,1054,1,3,1,3,6,0,2008,0,1,0,0,1
1.0,24682,6,5,1999,841,892,1675,2,3,1,3,7,103,2009,0,0,0,0,1
1.0,9600,5,6,1956,1050,1050,1050,1,2,1,3,5,0,2009,0,1,0,0,1
1.0,11250,4,5,1957,1104,1104,1788,1,5,1,3,8,0,2009,0,0,0,0,1
1.0,13515,6,6,1919,764,1060,1824,1,3,1,3,8,0,2007,0,0,0,0,1
1.0,4060,6,5,1998,1405,1337,1337,2,2,1,4,5,68,2008,0,0,0,0,1
1.0,3735,7,5,1999,691,713,1452,2,3,1,4,6,34,2006,0,0,0,0,1
1.0,10120,7,4,1910,925,964,1889,1,4,2,3,9,0,2007,0,0,0,1,0
1.0,13214,9,5,2008,2002,2018,2018,2,3,1,5,10,76,2010,0,0,0,0,1
1.0,14100,8,9,1935,728,1968,3447,3,4,1,4,11,12,2008,0,0,0,0,1
1.0,11344,5,5,1958,874,874,1524,1,3,1,3,7,0,2007,0,0,0,1,1
1.0,23595,7,6,1979,1332,1332,1524,0,0,1,4,4,0,2010,0,0,0,1,1
1.0,9156,6,7,1968,1489,1489,1489,2,3,1,4,7,0,2009,0,1,0,0,1
1.0,13526,5,6,1965,935,935,935,1,3,1,3,5,0,2006,0,0,0,1,1
1.0,11512,6,7,1959,1019,1357,1357,1,2,1,5,5,0,2008,0,1,0,0,1
1.0,5362,5,6,1910,661,661,1250,2,3,1,3,8,0,2007,0,0,0,0,1
1.0,11345,5,5,1948,928,928,1920,2,4,2,3,10,0,2007,0,1,0,0,1
1.0,12936,6,6,1972,723,735,1395,1,3,1,3,6,116,2009,0,0,0,1,1
1.0,17871,6,5,1967,1680,1724,1724,1,3,1,3,7,0,2009,1,0,0,0,1
1.0,9473,8,5,2002,1128,1128,2031,2,3,1,4,7,211,2008,0,0,0,0,1
1.0,7500,4,4,1920,698,698,1128,1,2,1,3,6,0,2010,0,0,0,1,1
1.0,9808,7,5,2002,1573,1573,1573,2,3,1,4,6,72,2009,0,0,0,0,1
1.0,8049,7,5,1990,1309,1339,1339,2,2,1,3,6,58,2006,0,0,0,1,1
1.0,8800,5,7,1977,1040,1040,1040,2,3,1,4,5,0,2009,0,0,0,1,1
1.0,9400,6,5,1971,912,912,1824,2,4,2,3,8,0,2010,0,0,0,1,1
1.0,9638,6,7,1919,804,1699,2447,2,4,1,4,10,0,2010,0,0,0,0,1
1.0,6000,6,6,1939,780,825,1412,1,4,1,3,6,0,2009,0,0,0,0,1
1.0,9790,6,5,1963,1328,1328,1328,1,3,1,3,6,26,2010,0,0,0,1,1
1.0,36500,5,5,1964,1624,1582,1582,2,4,1,3,7,198,2006,1,0,0,0,1
1.0,5664,8,5,2000,1501,1659,1659,2,2,1,5,5,59,2009,0,0,0,0,1
1.0,11065,8,5,2006,1085,1120,1970,2,3,1,5,8,74,2006,0,0,0,0,1
1.0,14112,5,7,1964,1152,1152,1152,1,3,1,3,6,0,2010,0,0,0,1,1
1.0,1680,5,7,1972,630,630,1302,2,3,1,3,6,0,2009,0,0,0,1,1
1.0,6600,5,4,1892,994,1378,2372,2,4,2,3,11,287,2009,0,0,0,1,0
1.0,10140,7,5,1976,832,832,1664,2,4,1,3,8,28,2006,0,0,0,1,1
1.0,8172,5,7,1955,864,864,864,1,2,1,3,5,0,2006,0,0,0,1,1
1.0,8400,5,5,1968,1052,1052,1052,1,3,1,3,5,0,2006,0,1,0,0,1
1.0,8700,5,6,1963,1120,1128,1128,2,3,1,3,6,20,2008,0,1,0,0,1
1.0,3675,6,5,2005,547,1072,1072,2,2,1,3,5,44,2006,0,1,0,0,1
1.0,63887,10,5,2008,6110,4692,5642,2,3,1,5,12,292,2008,0,0,0,0,1
1.0,7500,5,7,1959,1246,1246,1246,1,3,1,4,6,0,2010,0,0,0,0,1
1.0,10762,7,5,1999,978,1005,1983,2,3,1,4,9,0,2009,0,0,0,0,1
1.0,7500,6,7,1942,771,753,1494,1,3,1,4,7,0,2009,1,0,0,0,1
1.0,10120,8,5,1994,1165,1203,2526,2,4,1,4,8,78,2006,0,0,0,0,1
1.0,8688,7,5,2005,1616,1616,1616,2,3,1,4,7,59,2006,0,0,0,0,1
1.0,3363,7,5,2004,976,976,1708,2,3,1,4,7,40,2006,0,0,0,0,1
1.0,13173,9,5,2006,1652,1652,1652,2,2,1,5,6,102,2009,0,0,0,0,1
1.0,6955,7,5,2005,1368,1368,1368,2,2,1,4,6,35,2006,0,0,0,0,1
1.0,8072,5,5,1994,990,990,990,1,3,1,3,5,64,2009,0,0,0,0,1
1.0,12000,5,7,1948,924,1122,1122,1,2,1,4,6,36,2008,0,0,0,0,1
1.0,7153,6,5,1991,1278,1294,1294,2,3,1,4,6,51,2008,0,1,0,0,1
1.0,17500,7,8,1959,1902,1902,1902,2,3,1,5,7,207,2010,0,0,0,1,1
1.0,8814,7,5,2005,1274,1274,1274,2,3,1,4,6,98,2007,0,0,0,0,1
1.0,9572,8,5,1990,1453,1453,2810,2,4,1,4,9,0,2007,0,0,0,0,1
1.0,14774,9,5,1999,1393,1422,2599,2,4,1,4,10,30,2010,0,0,0,0,1
1.0,8190,4,6,1954,948,948,948,1,3,1,3,5,36,2007,0,0,0,0,1
1.0,11075,6,5,1969,952,1092,2112,2,4,1,3,9,0,2008,0,0,0,1,1
1.0,10226,8,5,2008,1622,1630,1630,2,3,1,5,8,42,2009,0,0,0,0,1
1.0,4230,7,5,2006,1352,1352,1352,2,2,1,4,5,241,2007,0,0,0,0,1
1.0,14781,8,5,2001,1753,1787,1787,2,3,1,4,7,150,2006,0,0,0,0,1
1.0,10215,4,5,1954,864,948,948,1,3,1,3,5,0,2007,0,0,0,0,1
1.0,8400,6,3,1957,1478,1478,1478,1,3,1,3,6,0,2009,0,1,0,0,1
1.0,6627,3,6,1949,0,720,720,1,2,1,3,4,0,2008,0,0,0,1,0
1.0,10186,7,5,1992,750,1061,1923,2,3,1,4,8,39,2010,0,0,0,0,1
1.0,5330,4,7,1940,420,708,708,1,2,1,2,5,0,2009,0,1,0,0,1
1.0,9986,8,5,2006,1795,1795,1795,2,2,1,4,7,49,2007,0,0,0,0,1
1.0,3636,4,4,1922,796,796,796,1,2,1,3,5,0,2008,1,0,0,0,0
1.0,4270,3,6,1931,544,774,774,1,3,1,4,6,0,2007,0,0,0,0,1
1.0,6600,5,9,1982,816,816,816,1,3,1,4,5,0,2008,0,0,0,0,1
1.0,10440,6,7,1920,1510,1584,2792,2,5,1,3,8,547,2008,0,0,0,0,1
1.0,9084,7,5,1998,935,955,1632,2,3,1,3,8,28,2006,0,1,0,0,1
1.0,10000,8,5,2006,1588,1588,1588,2,3,1,4,7,45,2007,0,0,0,0,1
1.0,10780,5,5,1976,911,954,954,1,3,1,3,6,0,2006,0,1,0,0,1
1.0,8877,4,6,1938,816,816,816,1,2,1,3,3,0,2009,0,0,0,0,1
1.0,7200,5,6,1938,803,803,1360,1,2,1,4,6,65,2006,0,0,0,0,1
1.0,2368,5,6,1970,765,765,1365,1,3,1,3,7,36,2009,0,0,0,1,1
1.0,9650,6,5,1977,1350,1334,1334,2,2,1,3,6,16,2009,0,0,0,1,1
1.0,9246,5,5,1973,1656,1656,1656,2,4,2,3,8,211,2008,0,0,0,1,1
1.0,4118,4,4,1941,693,693,693,1,2,1,2,4,20,2006,1,0,0,0,0
1.0,13450,7,5,2002,916,920,1861,2,3,1,4,8,91,2006,0,0,0,0,1
1.0,9560,5,7,1972,864,864,864,1,3,1,3,5,0,2006,0,0,0,0,1
1.0,8294,4,5,1971,858,872,872,1,3,1,3,5,0,2007,0,0,0,1,1
1.0,13695,6,5,2003,1114,1114,1114,1,3,1,4,6,78,2008,0,0,0,0,1
1.0,9375,8,5,2002,1284,1284,2169,2,3,1,4,7,87,2007,0,0,0,0,1
1.0,7558,6,6,1928,896,1172,1913,1,3,1,3,9,0,2009,0,1,0,0,1
1.0,11103,7,5,2006,728,728,1456,2,3,1,4,8,0,2007,0,0,0,0,1
1.0,6000,4,4,1920,960,960,960,1,2,1,2,5,0,2007,0,1,0,0,1
1.0,20781,7,7,1968,1568,2156,2156,2,3,1,3,9,80,2006,0,0,0,1,1
1.0,15306,8,5,2006,1732,1776,1776,2,3,1,4,7,0,2007,0,0,0,0,1
1.0,16196,7,5,1998,1482,1494,1494,2,3,1,4,5,25,2007,0,0,0,0,1
1.0,5250,8,5,1872,684,938,2358,2,4,1,3,8,54,2008,1,0,0,0,0
1.0,11643,5,5,1969,1248,1338,2634,2,6,2,3,12,0,2009,0,0,0,1,1
1.0,9247,6,6,1962,858,858,1716,1,4,1,3,8,84,2008,0,0,0,0,1
1.0,6000,6,9,1937,698,786,1176,1,2,1,3,4,0,2009,0,0,0,1,1
1.0,14720,8,5,1995,2033,2053,3238,2,4,1,4,9,86,2010,0,0,0,0,1
1.0,10316,7,5,2000,992,992,1865,2,3,1,4,7,184,2008,0,0,0,0,1
1.0,10192,7,6,1968,570,1222,1920,3,4,1,4,8,98,2006,0,1,0,0,1
1.0,9477,5,5,1966,864,892,892,1,3,1,3,5,0,2008,0,0,0,1,1
1.0,12537,5,6,1971,1078,1078,1078,1,3,1,3,6,0,2010,0,0,0,0,1
1.0,2117,6,5,2000,756,769,1573,2,3,1,4,5,32,2010,0,0,0,0,1
1.0,16737,9,5,2004,1980,1980,1980,2,3,1,5,8,45,2006,0,0,0,0,1
1.0,9842,5,6,1921,612,990,2601,3,4,1,3,8,0,2008,0,0,0,0,1
1.0,16158,7,5,2005,1530,1530,1530,2,3,1,4,7,36,2009,0,0,0,0,1
1.0,12513,4,4,1920,715,1281,1738,2,4,1,3,7,0,2009,0,1,0,0,1
1.0,8499,6,5,2006,616,616,1412,2,3,1,4,6,36,2007,0,0,0,0,1
1.0,3180,7,5,2005,600,520,1200,2,2,1,4,4,166,2006,0,0,0,0,1
1.0,7500,7,5,2000,814,814,1674,2,3,1,4,7,96,2010,0,0,0,0,1
1.0,9179,7,5,1999,873,882,1790,2,3,1,4,7,88,2008,0,0,0,0,1
1.0,2665,5,6,1977,757,925,1475,2,4,1,3,6,26,2006,0,0,0,0,1
1.0,4435,6,5,2003,848,848,848,1,1,1,4,4,0,2009,0,0,0,0,1
1.0,10635,8,5,2003,1657,1668,1668,2,3,1,4,8,262,2010,0,0,0,0,1
1.0,5400,4,6,1920,840,840,1374,1,2,1,3,6,0,2009,0,0,0,0,1
1.0,9600,6,6,1955,992,1661,1661,1,3,1,4,8,28,2008,0,1,0,0,1
1.0,9750,7,6,1998,1108,1108,2097,2,3,1,4,8,170,2006,0,0,0,0,1
1.0,11400,10,5,2001,2633,2633,2633,2,2,1,5,8,140,2007,0,0,0,0,1
1.0,10625,7,5,2005,1026,1026,1958,2,3,1,4,9,210,2008,0,0,0,0,1
1.0,10991,8,5,2007,1571,1571,1571,2,3,1,4,7,36,2007,0,0,0,0,1
1.0,6292,6,5,1930,768,790,790,1,2,1,3,4,141,2008,0,0,0,1,0
1.0,10998,5,5,1941,984,984,1604,2,3,1,3,6,68,2009,0,0,0,0,1
1.0,1953,6,5,1973,483,483,987,1,2,1,3,5,0,2006,0,0,0,1,1
1.0,9735,5,5,2006,384,754,1394,2,3,1,4,7,0,2008,0,1,0,0,1
1.0,8212,3,3,1914,864,864,864,1,2,1,3,5,0,2010,0,0,0,1,0
1.0,12925,6,7,1970,1205,2117,2117,2,4,1,3,7,42,2008,0,0,0,0,1
1.0,7200,7,7,1920,596,998,1762,1,4,1,4,8,0,2006,0,0,0,0,1
1.0,25339,5,7,1918,816,1416,1416,2,3,1,4,7,0,2007,0,0,0,0,1
1.0,9060,6,5,1939,560,698,1258,1,2,1,3,6,0,2009,0,0,0,1,1
1.0,5436,4,8,1922,796,796,1154,1,3,1,4,7,96,2010,0,1,0,0,1
1.0,16692,7,5,1978,1392,1392,2784,3,5,1,4,12,112,2006,0,0,0,1,1
1.0,8520,6,7,1916,714,1664,2526,2,5,1,4,10,15,2007,0,0,0,1,0
1.0,14892,9,5,2006,1746,1746,1746,2,3,1,5,7,39,2009,0,0,0,0,1
1.0,6000,6,6,1941,735,869,1218,1,3,1,3,6,0,2007,0,0,0,0,1
1.0,9100,7,5,2000,1525,1525,1525,2,3,1,4,6,36,2006,0,0,0,0,1
1.0,8944,5,5,1967,1584,1584,1584,2,4,2,3,8,152,2009,0,0,0,1,1
1.0,7838,5,5,1967,864,900,900,1,3,1,3,6,144,2006,0,0,0,1,1
1.0,10800,6,7,1905,482,1221,1912,2,3,2,3,7,25,2008,0,0,0,0,0
1.0,4045,7,5,2006,1356,1500,1500,2,2,1,4,6,20,2006,0,0,0,0,1
1.0,12665,8,5,2005,1094,1133,2482,2,4,1,4,9,39,2007,0,0,0,0,1
1.0,57200,5,5,1948,747,1687,1687,1,3,1,3,7,0,2010,0,0,0,1,1
1.0,6120,5,8,1920,939,939,1513,1,4,1,3,8,0,2007,0,0,0,0,1
1.0,7200,5,4,1950,1208,1136,1904,1,3,1,3,7,0,2009,0,1,0,0,1
1.0,6171,6,6,1925,976,1160,1608,2,3,1,4,7,16,2009,0,0,0,0,1
1.0,6000,6,7,1929,862,950,1158,1,3,1,3,5,0,2008,0,0,0,1,1
1.0,7415,6,5,2004,839,864,1593,2,3,1,3,8,75,2008,0,0,0,0,1
1.0,6762,7,5,2006,1286,1294,1294,2,2,1,4,6,55,2006,0,0,0,0,1
1.0,15256,8,5,2007,1485,1464,1464,2,3,1,4,6,160,2007,0,0,0,0,1
1.0,10410,3,4,1915,672,694,1214,1,3,1,3,6,0,2006,0,0,0,1,1
1.0,3842,8,5,2004,1594,1646,1646,2,2,1,4,5,53,2008,0,0,0,0,1
1.0,8445,5,7,1972,768,768,768,1,2,1,3,5,0,2009,0,0,0,1,1
1.0,8780,5,5,1985,833,833,833,1,3,1,3,5,0,2009,0,0,0,0,1
1.0,7740,4,7,1910,622,741,1363,1,3,1,3,6,0,2010,0,1,0,0,1
1.0,20544,7,6,1986,791,1236,2093,2,3,1,3,7,63,2008,0,1,0,0,1
1.0,12420,7,5,2001,944,944,1840,2,3,1,4,6,45,2009,0,0,0,0,1
1.0,9600,6,8,1950,856,1112,1668,1,3,1,3,6,0,2009,0,0,0,0,1
1.0,7200,4,5,1949,0,1040,1040,2,2,2,3,6,0,2009,1,0,0,0,0
1.0,10994,8,5,2005,1844,1844,1844,2,2,1,4,7,44,2009,0,0,0,0,1
1.0,13053,6,7,1923,833,1053,1848,1,4,1,4,8,0,2008,0,1,0,0,1
1.0,3635,7,5,2007,1386,1569,1569,2,1,1,4,7,20,2009,0,0,0,0,1
1.0,11340,4,6,1885,777,1246,2290,2,4,2,3,11,0,2010,0,1,0,0,1
1.0,16545,8,5,1998,1284,1310,2450,2,3,1,4,7,126,2009,0,0,0,0,1
1.0,9204,5,5,1963,1144,1144,1144,1,3,1,3,6,88,2008,0,0,0,1,1
1.0,16381,6,5,1969,1844,1844,1844,2,3,1,4,7,73,2006,0,1,0,0,1
1.0,11700,6,6,1968,708,708,1416,2,3,1,3,7,169,2006,0,1,0,0,1
1.0,4043,6,5,1977,1069,1069,1069,2,2,1,3,4,55,2010,0,0,0,1,1
1.0,4435,6,5,2003,848,848,848,1,1,1,4,3,0,2008,0,0,0,0,1
1.0,19690,6,7,1966,697,1575,2201,2,4,1,4,8,236,2006,0,0,0,1,1
1.0,9503,5,5,1958,1024,1344,1344,1,2,1,3,6,28,2007,0,0,0,1,1
1.0,10721,6,6,1959,1252,1252,1252,1,3,1,4,7,39,2008,0,0,0,0,1
1.0,10944,7,5,1994,1223,1223,2127,2,3,1,4,5,132,2008,0,0,0,0,1
1.0,10930,5,6,1945,913,1048,1558,1,3,1,3,6,0,2008,0,0,0,1,1
1.0,7200,5,7,1940,788,804,804,1,2,1,4,4,0,2010,0,0,0,1,1
1.0,12546,6,7,1981,1440,1440,1440,2,3,1,4,7,0,2007,0,0,0,0,1
1.0,21930,5,5,2005,732,734,1838,2,4,1,3,7,40,2006,0,0,0,0,1
1.0,4928,6,6,1976,958,958,958,2,2,1,3,5,60,2009,0,0,0,1,1
1.0,10800,4,6,1927,656,968,968,2,4,1,3,5,0,2007,0,0,0,1,1
1.0,10261,6,5,2000,936,962,1792,2,3,1,3,8,0,2008,0,0,0,0,1
1.0,17400,5,5,1977,1126,1126,1126,2,3,1,3,5,41,2006,1,0,0,0,1
1.0,8400,6,9,1962,1319,1537,1537,1,3,1,4,7,36,2008,0,0,0,1,1
1.0,9000,4,6,1971,864,864,864,1,3,1,3,5,0,2007,0,0,0,1,1
1.0,12444,8,5,2008,1932,1932,1932,2,2,1,5,7,66,2008,0,0,0,0,1
1.0,7407,6,7,1957,912,1236,1236,1,2,1,3,6,158,2010,0,0,0,1,1
1.0,11584,7,6,1979,539,1040,1725,2,3,1,3,6,88,2007,0,0,0,1,1
1.0,11526,6,7,1922,588,1423,2555,2,3,1,3,11,0,2008,1,0,0,0,1
1.0,4426,6,5,2004,848,848,848,1,1,1,4,3,0,2008,0,0,0,0,1
1.0,11003,10,5,2008,1017,1026,2007,2,3,1,5,10,52,2009,0,0,0,0,1
1.0,8854,6,6,1916,952,952,952,1,2,1,2,4,98,2009,1,0,0,0,0
1.0,8500,7,5,2004,1422,1422,1422,2,3,1,4,7,60,2007,0,0,0,0,1
1.0,8400,6,5,1966,814,913,913,1,3,1,3,6,0,2007,0,1,0,0,1
1.0,26142,5,7,1962,1188,1188,1188,1,3,1,3,6,39,2010,0,0,0,1,1
1.0,10000,8,5,1995,1220,1220,2090,2,3,1,4,8,65,2007,0,0,0,0,1
1.0,11767,4,7,1910,560,796,1346,1,2,1,3,6,24,2007,0,1,0,0,0
1.0,1533,5,7,1970,630,630,630,1,1,1,5,3,0,2006,0,0,0,0,1
1.0,9000,5,5,1974,896,896,1792,2,4,2,3,8,45,2009,0,0,0,1,1
1.0,9262,8,5,2008,1573,1578,1578,2,3,1,5,7,36,2009,0,0,0,0,1
1.0,3675,5,5,2005,547,1072,1072,1,2,1,3,5,28,2006,0,1,0,0,1
1.0,17217,5,5,2006,1140,1140,1140,1,3,1,3,6,56,2006,0,0,0,0,1
1.0,7500,7,5,2004,1221,1221,1221,2,2,1,4,6,113,2009,0,0,0,0,1
1.0,7917,6,5,1999,953,953,1647,2,3,1,3,7,40,2007,0,0,0,0,1
1.0,13175,6,6,1978,1542,2073,2073,2,3,1,3,7,0,2010,0,0,0,1,1
1.0,9042,7,9,1941,1152,1188,2340,2,4,1,4,9,60,2010,0,0,0,0,1
1.0,9717,5,6,1950,1078,1078,1078,1,2,1,4,5,0,2010,0,1,0,0,1
1.0,9937,5,6,1965,1256,1256,1256,1,3,1,3,6,68,2008,0,1,0,0,1
